gene,seqnames,start,end,width,strand,gene_id,gene_name,gene_biotype,seq_coord_system,description,gene_id_version,logFC,AveExpr,t,P.Value,adj.P.Val,isSignificant
SLC4A10,2,161424332,161985282,560951,+,ENSG00000144290,SLC4A10,protein_coding,chromosome,solute carrier family 4 member 10 [Source:HGNC Symbol;Acc:HGNC:13811],ENSG00000144290.17,-4.019820713638624,0.8642949725000845,-9.226164595844164,4.435109942777973e-13,5.03235282624005e-9,TRUE
CACNA2D3,3,54122547,55074557,952011,+,ENSG00000157445,CACNA2D3,protein_coding,chromosome,calcium voltage-gated channel auxiliary subunit alpha2delta 3 [Source:HGNC Symbol;Acc:HGNC:15460],ENSG00000157445.15,-3.8181965042254795,0.0032932640770264965,-9.098740172381932,7.085326048912426e-13,5.03235282624005e-9,TRUE
NRCAM,7,108147623,108456717,309095,-,ENSG00000091129,NRCAM,protein_coding,chromosome,neuronal cell adhesion molecule [Source:HGNC Symbol;Acc:HGNC:7994],ENSG00000091129.21,-3.6588751565408204,-0.9393501100755826,-8.05676891138765,3.428757462891603e-11,1.6235166586791742e-7,TRUE
B3GALT2,1,193178730,193186613,7884,-,ENSG00000162630,B3GALT2,protein_coding,chromosome,"beta-1,3-galactosyltransferase 2 [Source:HGNC Symbol;Acc:HGNC:917]",ENSG00000162630.6,-3.013340314139443,-0.46895737128535814,-7.789333597849031,9.380472129519351e-11,3.3312401649955596e-7,TRUE
IGHG1,14,105736343,105743071,6729,-,ENSG00000211896,IGHG1,IG_C_gene,chromosome,immunoglobulin heavy constant gamma 1 (G1m marker) [Source:HGNC Symbol;Acc:HGNC:5525],ENSG00000211896.7,4.667084693509609,10.345171918487535,7.582875322745837,2.0439132139202668e-10,5.806757440747478e-7,TRUE
LRRN3,7,111091006,111125454,34449,+,ENSG00000173114,LRRN3,protein_coding,chromosome,leucine rich repeat neuronal 3 [Source:HGNC Symbol;Acc:HGNC:17200],ENSG00000173114.13,-3.534529875406562,1.9982076073859178,-7.307576258052567,5.783288145535588e-10,1.3691934684555506e-6,TRUE
SEZ6L,22,26169462,26383597,214136,+,ENSG00000100095,SEZ6L,protein_coding,chromosome,seizure related 6 homolog like [Source:HGNC Symbol;Acc:HGNC:10763],ENSG00000100095.19,-3.724623649594719,-1.4141724543432546,-7.190371190092553,9.007503356257133e-10,1.8278797882233224e-6,TRUE
DCANP1,5,135444214,135447348,3135,-,ENSG00000251380,DCANP1,protein_coding,chromosome,dendritic cell associated nuclear protein [Source:HGNC Symbol;Acc:HGNC:24459],ENSG00000251380.3,-3.982488335428935,-2.4906249526798647,-7.110576026039035,1.2179209793002677e-9,2.162570938870038e-6,TRUE
ELOVL4,6,79914814,79947553,32740,-,ENSG00000118402,ELOVL4,protein_coding,chromosome,ELOVL fatty acid elongase 4 [Source:HGNC Symbol;Acc:HGNC:14415],ENSG00000118402.6,-2.7877143016716603,-0.39930032510848956,-6.795506469197118,4.005384692519979e-9,6.189977851904937e-6,TRUE
ADAMTS5,21,26917922,26967088,49167,-,ENSG00000154736,ADAMTS5,protein_coding,chromosome,ADAM metallopeptidase with thrombospondin type 1 motif 5 [Source:HGNC Symbol;Acc:HGNC:221],ENSG00000154736.6,-3.735966677417302,-2.148338141439217,-6.77317983490694,4.357604964382216e-9,6.189977851904937e-6,TRUE
FCER1A,1,159289714,159308224,18511,+,ENSG00000179639,FCER1A,protein_coding,chromosome,Fc fragment of IgE receptor Ia [Source:HGNC Symbol;Acc:HGNC:3609],ENSG00000179639.10,-4.657743441126991,1.8853514491977266,-6.692228683044179,5.914349145922864e-9,7.637575419803116e-6,TRUE
CD1C,1,158289923,158294774,4852,+,ENSG00000158481,CD1C,protein_coding,chromosome,CD1c molecule [Source:HGNC Symbol;Acc:HGNC:1636],ENSG00000158481.13,-2.369047400956476,2.063010838980736,-6.58444538353225,8.879131682965135e-9,1.051067212970998e-5,TRUE
KLRB1,12,9594551,9607916,13366,-,ENSG00000111796,KLRB1,protein_coding,chromosome,killer cell lectin like receptor B1 [Source:HGNC Symbol;Acc:HGNC:6373],ENSG00000111796.4,-2.9337928839040663,4.457877573768686,-6.544715788690517,1.031241643696321e-8,1.1268298114389414e-5,TRUE
MKI67,10,128096659,128126423,29765,-,ENSG00000148773,MKI67,protein_coding,chromosome,marker of proliferation Ki-67 [Source:HGNC Symbol;Acc:HGNC:7107],ENSG00000148773.14,2.9015307369474455,5.913450910671457,6.457141061782725,1.433815490088884e-8,1.4548106454794712e-5,TRUE
PID1,2,228850526,229271285,420760,-,ENSG00000153823,PID1,protein_coding,chromosome,phosphotyrosine interaction domain containing 1 [Source:HGNC Symbol;Acc:HGNC:26084],ENSG00000153823.18,-3.5099101645786934,1.965481346748847,-6.381247412776575,1.907137335396602e-8,1.6985415001989565e-5,TRUE
CLEC4F,2,70808643,70820599,11957,-,ENSG00000152672,CLEC4F,protein_coding,chromosome,C-type lectin domain family 4 member F [Source:HGNC Symbol;Acc:HGNC:25357],ENSG00000152672.8,-4.2093468836366865,-2.920702745280385,-6.380405929937482,1.9131759241945305e-8,1.6985415001989565e-5,TRUE
NOG,17,56593699,56595611,1913,+,ENSG00000183691,NOG,protein_coding,chromosome,noggin [Source:HGNC Symbol;Acc:HGNC:7866],ENSG00000183691.6,-3.1853710648796394,-0.2952108412263818,-6.342783692235823,2.2034856286580266e-8,1.767024320321522e-5,TRUE
PRSS33,16,2783953,2787948,3996,-,ENSG00000103355,PRSS33,protein_coding,chromosome,serine protease 33 [Source:HGNC Symbol;Acc:HGNC:30405],ENSG00000103355.13,-5.120885210046167,-1.4449160803443999,-6.338514801263445,2.2391015674612737e-8,1.767024320321522e-5,TRUE
SHISA4,1,201888680,201892306,3627,+,ENSG00000198892,SHISA4,protein_coding,chromosome,shisa family member 4 [Source:HGNC Symbol;Acc:HGNC:27139],ENSG00000198892.6,-2.6974881875202725,0.46202398537476763,-6.306704336802474,2.5229616447385837e-8,1.886245798079557e-5,TRUE
IGLC3,22,22906342,22906803,462,+,ENSG00000211679,IGLC3,IG_C_gene,chromosome,immunoglobulin lambda constant 3 (Kern-Oz+ marker) [Source:HGNC Symbol;Acc:HGNC:5857],ENSG00000211679.2,3.349603924520732,9.129900583147327,6.219416251366827,3.499446722247381e-8,2.4854820344762023e-5,TRUE
RORC,1,151806071,151831845,25775,-,ENSG00000143365,RORC,protein_coding,chromosome,RAR related orphan receptor C [Source:HGNC Symbol;Acc:HGNC:10260],ENSG00000143365.19,-2.434712782852344,1.3195152468312716,-6.13822606076901,4.741627582790522e-8,3.207372372073303e-5,TRUE
OLFM1,9,135075422,135121179,45758,+,ENSG00000130558,OLFM1,protein_coding,chromosome,olfactomedin 1 [Source:HGNC Symbol;Acc:HGNC:17187],ENSG00000130558.19,-3.9770443896425203,-1.6841950236672578,-5.89244272417755,1.1849223324913595e-7,7.349597373200718e-5,TRUE
RRM2,2,10120698,10211725,91028,+,ENSG00000171848,RRM2,protein_coding,chromosome,ribonucleotide reductase regulatory subunit M2 [Source:HGNC Symbol;Acc:HGNC:10452],ENSG00000171848.15,3.0175376713253237,5.772315454176161,5.891289164135723,1.1900087263894159e-7,7.349597373200718e-5,TRUE
TRAV1-2,14,21642889,21643578,690,+,ENSG00000256553,TRAV1-2,TR_V_gene,chromosome,T cell receptor alpha variable 1-2 [Source:HGNC Symbol;Acc:HGNC:12102],ENSG00000256553.1,-2.6907196494653283,0.26528694728884133,-5.79948344986521,1.6726182612774192e-7,9.899809333935726e-5,TRUE
TIFAB,5,135444226,135452351,8126,-,ENSG00000255833,TIFAB,protein_coding,chromosome,TIFA inhibitor [Source:HGNC Symbol;Acc:HGNC:34024],ENSG00000255833.2,-3.408902863655781,-1.03504560364461,-5.776458375569083,1.8214116270757945e-7,1.0349260865044666e-4,TRUE
HBB,11,5225464,5229395,3932,-,ENSG00000244734,HBB,protein_coding,chromosome,hemoglobin subunit beta [Source:HGNC Symbol;Acc:HGNC:4827],ENSG00000244734.4,-5.351972732633784,5.578119815521347,-5.749628183844168,2.0115020508596823e-7,1.098976408940838e-4,TRUE
CACNG6,19,53992288,54012669,20382,+,ENSG00000130433,CACNG6,protein_coding,chromosome,calcium voltage-gated channel auxiliary subunit gamma 6 [Source:HGNC Symbol;Acc:HGNC:13625],ENSG00000130433.7,-3.6576218396133573,-2.5167108769031477,-5.706088221200529,2.362338510589228e-7,1.242852538626666e-4,TRUE
IGLC2,22,22900976,22901437,462,+,ENSG00000211677,IGLC2,IG_C_gene,chromosome,immunoglobulin lambda constant 2 [Source:HGNC Symbol;Acc:HGNC:5856],ENSG00000211677.2,3.1784916801162586,10.219410305858313,5.643594094087074,2.9743804292760805e-7,1.50896692849524e-4,TRUE
MIR1244-1,2,231713314,231713398,85,+,ENSG00000284378,MIR1244-1,miRNA,chromosome,microRNA 1244-1 [Source:HGNC Symbol;Acc:HGNC:35310],ENSG00000284378.1,-4.317625560263513,1.860407393913002,-5.605456483864561,3.422479000385521e-7,1.6620466199948175e-4,TRUE
PMP22,17,15229777,15265326,35550,-,ENSG00000109099,PMP22,protein_coding,chromosome,peripheral myelin protein 22 [Source:HGNC Symbol;Acc:HGNC:9118],ENSG00000109099.15,-3.0254702064037478,-1.8612040057863228,-5.5985768645127845,3.510130137264662e-7,1.6620466199948175e-4,TRUE
CD1E,1,158353696,158357553,3858,+,ENSG00000158488,CD1E,protein_coding,chromosome,CD1e molecule [Source:HGNC Symbol;Acc:HGNC:1638],ENSG00000158488.16,-2.9822318369553287,-1.8508684141536154,-5.576865554240632,3.8016062923394557e-7,1.7105103864355502e-4,TRUE
TPPP3,16,67389809,67393518,3710,-,ENSG00000159713,TPPP3,protein_coding,chromosome,tubulin polymerization promoting protein family member 3 [Source:HGNC Symbol;Acc:HGNC:24162],ENSG00000159713.11,-2.948286497642959,0.6870802756583761,-5.573186636938742,3.8533144924982473e-7,1.7105103864355502e-4,TRUE
F5,1,169511951,169586588,74638,-,ENSG00000198734,F5,protein_coding,chromosome,coagulation factor V [Source:HGNC Symbol;Acc:HGNC:3542],ENSG00000198734.12,2.1235597684730196,7.487813281189346,5.538971294484273,4.368784071086213e-7,1.8805629615084745e-4,TRUE
MMP9,20,46008908,46016561,7654,+,ENSG00000100985,MMP9,protein_coding,chromosome,matrix metallopeptidase 9 [Source:HGNC Symbol;Acc:HGNC:7176],ENSG00000100985.7,3.5132065683379725,8.690771389613186,5.495377365782948,5.125306704052025e-7,2.141322992089971e-4,TRUE
HBA2,16,172876,173710,835,+,ENSG00000188536,HBA2,protein_coding,chromosome,hemoglobin subunit alpha 2 [Source:HGNC Symbol;Acc:HGNC:4824],ENSG00000188536.13,-4.587457500332809,5.20512209122009,-5.477693056102851,5.467940433096127e-7,2.196339764680352e-4,TRUE
TXNDC5,6,7881517,7910788,29272,-,ENSG00000239264,TXNDC5,protein_coding,chromosome,thioredoxin domain containing 5 [Source:HGNC Symbol;Acc:HGNC:21073],ENSG00000239264.9,2.9709804474249237,8.966855385565422,5.47281847486569,5.566225380393712e-7,2.196339764680352e-4,TRUE
AC138866.1,5,70219918,70258930,39013,-,ENSG00000253816,AC138866.1,unprocessed_pseudogene,chromosome,"glucuronidase, beta (GUSB) pseudogene",ENSG00000253816.3,-4.127544459106088,-3.7793681418878715,-5.265392518735459,1.1840554048533853e-6,4.5458127097141454e-4,TRUE
MYBL2,20,43667019,43716495,49477,+,ENSG00000101057,MYBL2,protein_coding,chromosome,MYB proto-oncogene like 2 [Source:HGNC Symbol;Acc:HGNC:7548],ENSG00000101057.16,3.4141231738778326,5.194996495167657,5.135370768473554,1.8928058670356502e-6,7.075607195063529e-4,TRUE
DYSF,2,71453722,71686768,233047,+,ENSG00000135636,DYSF,protein_coding,chromosome,dysferlin [Source:HGNC Symbol;Acc:HGNC:3097],ENSG00000135636.14,2.1496920978569287,9.265789175312428,5.114204657845699,2.0423669576147384e-6,7.43892888023522e-4,TRUE
CDC25A,3,48157146,48188417,31272,-,ENSG00000164045,CDC25A,protein_coding,chromosome,cell division cycle 25A [Source:HGNC Symbol;Acc:HGNC:1725],ENSG00000164045.12,3.510476919750652,2.213898769142421,5.093431944498765,2.200436053325564e-6,7.763767194799662e-4,TRUE
EEF1A1P9,4,105484698,105486080,1383,+,ENSG00000249264,EEF1A1P9,processed_pseudogene,chromosome,eukaryotic translation elongation factor 1 alpha 1 pseudogene 9 [Source:HGNC Symbol;Acc:HGNC:3204],ENSG00000249264.1,-2.1567475298848375,-0.994403689707849,-5.08835508693964,2.240862055521198e-6,7.763767194799662e-4,TRUE
NTNG2,9,132161676,132244526,82851,+,ENSG00000196358,NTNG2,protein_coding,chromosome,netrin G2 [Source:HGNC Symbol;Acc:HGNC:14288],ENSG00000196358.11,2.58574850767629,5.7309144534531535,5.080988464681998,2.3008240806804577e-6,7.781715730015691e-4,TRUE
HJURP,2,233833416,233854566,21151,-,ENSG00000123485,HJURP,protein_coding,chromosome,Holliday junction recognition protein [Source:HGNC Symbol;Acc:HGNC:25444],ENSG00000123485.12,2.833861250222228,2.705630575492855,5.044495138821989,2.6219365100512124e-6,8.519759731232497e-4,TRUE
GTSE1,22,46296870,46330810,33941,+,ENSG00000075218,GTSE1,protein_coding,chromosome,G2 and S-phase expressed 1 [Source:HGNC Symbol;Acc:HGNC:13698],ENSG00000075218.19,2.637674558185947,2.617064720486043,5.040115900074543,2.6633151168272384e-6,8.519759731232497e-4,TRUE
NCAPG,4,17810979,17844865,33887,+,ENSG00000109805,NCAPG,protein_coding,chromosome,non-SMC condensin I complex subunit G [Source:HGNC Symbol;Acc:HGNC:24304],ENSG00000109805.10,3.026195428001491,3.379294294596305,5.036395379830378,2.6989735157019524e-6,8.519759731232497e-4,TRUE
NDRG2,14,21016763,21070872,54110,-,ENSG00000165795,NDRG2,protein_coding,chromosome,NDRG family member 2 [Source:HGNC Symbol;Acc:HGNC:14460],ENSG00000165795.23,-1.8636127885908795,2.1217547967754475,-5.023649846963747,2.8247239435926244e-6,8.633075521112276e-4,TRUE
IGHV3-23,14,106268606,106269140,535,-,ENSG00000211949,IGHV3-23,IG_V_gene,chromosome,immunoglobulin heavy variable 3-23 [Source:HGNC Symbol;Acc:HGNC:5588],ENSG00000211949.3,3.4672568008281015,7.016149344638178,5.020525306290257,2.856420622965695e-6,8.633075521112276e-4,TRUE
RAD54L,1,46246461,46278480,32020,+,ENSG00000085999,RAD54L,protein_coding,chromosome,RAD54 like [Source:HGNC Symbol;Acc:HGNC:9826],ENSG00000085999.13,2.86171545222678,1.5512981265585153,4.927022780393898,3.984767609646074e-6,0.0011792421644796348,TRUE
IGLV3-1,22,22880706,22881396,691,+,ENSG00000211673,IGLV3-1,IG_V_gene,chromosome,immunoglobulin lambda variable 3-1 [Source:HGNC Symbol;Acc:HGNC:5896],ENSG00000211673.2,4.017228871409445,6.27491441113513,4.910804252846754,4.2208068832565036e-06,0.0011868307347661306,TRUE
IGLV2-14,22,22758700,22759218,519,+,ENSG00000211666,IGLV2-14,IG_V_gene,chromosome,immunoglobulin lambda variable 2-14 [Source:HGNC Symbol;Acc:HGNC:5888],ENSG00000211666.2,2.9683719304358913,7.049568321271218,4.908164117980723,4.260481106443461e-6,0.0011868307347661306,TRUE
MZB1,5,139387467,139390081,2615,-,ENSG00000170476,MZB1,protein_coding,chromosome,marginal zone B and B1 cell specific protein [Source:HGNC Symbol;Acc:HGNC:30125],ENSG00000170476.16,3.119733927844219,6.2880025599836245,4.908125755582743,4.261060716161399e-6,0.0011868307347661306,TRUE
IGHA1,14,105703995,105708665,4671,-,ENSG00000211895,IGHA1,IG_C_gene,chromosome,immunoglobulin heavy constant alpha 1 [Source:HGNC Symbol;Acc:HGNC:5478],ENSG00000211895.5,2.7908087313846988,10.773641983104886,4.8968613347878875,4.43461137575329e-6,0.0012114164344726056,TRUE
MCM10,10,13161554,13211104,49551,+,ENSG00000065328,MCM10,protein_coding,chromosome,minichromosome maintenance 10 replication initiation factor [Source:HGNC Symbol;Acc:HGNC:18043],ENSG00000065328.16,2.9793336791113965,2.3771886409350502,4.860177939313755,5.049250687097964e-6,0.0013114680151753526,TRUE
H2AC7,6,26198851,26199243,393,-,ENSG00000196866,H2AC7,protein_coding,chromosome,H2A clustered histone 7 [Source:HGNC Symbol;Acc:HGNC:4729],ENSG00000196866.2,3.3459583926652456,1.0927859270508489,4.859966777561092,5.053020982234086e-6,0.0013114680151753526,TRUE
BUB1,2,110637528,110678063,40536,-,ENSG00000169679,BUB1,protein_coding,chromosome,BUB1 mitotic checkpoint serine/threonine kinase [Source:HGNC Symbol;Acc:HGNC:1148],ENSG00000169679.15,2.9275775776850974,4.249263322201467,4.854517353288572,5.151255277773418e-6,0.0013114680151753526,TRUE
SKA3,13,21153595,21176552,22958,-,ENSG00000165480,SKA3,protein_coding,chromosome,spindle and kinetochore associated complex subunit 3 [Source:HGNC Symbol;Acc:HGNC:20262],ENSG00000165480.16,3.0685343827388056,1.5852669877846088,4.851805867493164,5.2008299014209984e-6,0.0013114680151753526,TRUE
KIF4A,X,70290104,70420886,130783,+,ENSG00000090889,KIF4A,protein_coding,chromosome,kinesin family member 4A [Source:HGNC Symbol;Acc:HGNC:13339],ENSG00000090889.12,3.0909602642605813,2.363543188306007,4.848468483793047,5.262490451601204e-6,0.0013114680151753526,TRUE
IGKV4-1,2,88885397,88886153,757,+,ENSG00000211598,IGKV4-1,IG_V_gene,chromosome,immunoglobulin kappa variable 4-1 [Source:HGNC Symbol;Acc:HGNC:5834],ENSG00000211598.2,2.803605531479181,7.152540533757251,4.828321221857181,5.6502396733836584e-6,0.0013838216303519806,TRUE
KIF18B,17,44924709,44947773,23065,-,ENSG00000186185,KIF18B,protein_coding,chromosome,kinesin family member 18B [Source:HGNC Symbol;Acc:HGNC:27102],ENSG00000186185.14,2.739866689035402,2.206481618644618,4.792165852482975,6.417498932232173e-6,0.0015450944463111529,TRUE
SPON1,11,13962723,14268133,305411,+,ENSG00000262655,SPON1,protein_coding,chromosome,spondin 1 [Source:HGNC Symbol;Acc:HGNC:11252],ENSG00000262655.4,-2.320051076965603,-0.3846833374127511,-4.7727313837460255,6.871187118005478e-6,0.001626753550187797,TRUE
RNASE2,14,20955487,20956436,950,+,ENSG00000169385,RNASE2,protein_coding,chromosome,ribonuclease A family member 2 [Source:HGNC Symbol;Acc:HGNC:10045],ENSG00000169385.3,2.40780972406413,6.881905874993516,4.762718751194748,7.117040912824393e-6,0.0016321845976697523,TRUE
CLSPN,1,35720218,35769978,49761,-,ENSG00000092853,CLSPN,protein_coding,chromosome,claspin [Source:HGNC Symbol;Acc:HGNC:19715],ENSG00000092853.14,2.5971432360726503,2.730670693837376,4.758564748459678,7.2215497191489176e-6,0.0016321845976697523,TRUE
FGFR2,10,121478330,121598458,120129,-,LRG_994,FGFR2,LRG_gene,chromosome,fibroblast growth factor receptor 2 [Source:HGNC Symbol;Acc:HGNC:3689],LRG_994.1,-2.6381131202979313,-1.2419537412362134,-4.757883433568601,7.238833484913368e-6,0.0016321845976697523,TRUE
CLU,8,27596917,27614700,17784,-,ENSG00000120885,CLU,protein_coding,chromosome,clusterin [Source:HGNC Symbol;Acc:HGNC:2095],ENSG00000120885.22,2.1709490375449905,8.041991405745632,4.729754299564587,7.988886186434593e-6,0.0017731582543484906,TRUE
CDC6,17,40287879,40304657,16779,+,ENSG00000094804,CDC6,protein_coding,chromosome,cell division cycle 6 [Source:HGNC Symbol;Acc:HGNC:1744],ENSG00000094804.12,3.055593124895164,3.253024508122528,4.71905985274259,8.293575177735462e-6,0.0018034544987008563,TRUE
TICRR,15,89575469,89631056,55588,+,ENSG00000140534,TICRR,protein_coding,chromosome,TOPBP1 interacting checkpoint and replication regulator [Source:HGNC Symbol;Acc:HGNC:28704],ENSG00000140534.14,3.024059949432916,1.381907446562135,4.716120126504517,8.379302845072617e-6,0.0018034544987008563,TRUE
RRBP1,20,17613678,17682295,68618,-,ENSG00000125844,RRBP1,protein_coding,chromosome,ribosome binding protein 1 [Source:HGNC Symbol;Acc:HGNC:10448],ENSG00000125844.16,1.843310832371178,7.018465963417778,4.70800887628622,8.62036360353065e-6,0.001827645746091834,TRUE
ASPM,1,197084127,197146694,62568,-,ENSG00000066279,ASPM,protein_coding,chromosome,abnormal spindle microtubule assembly [Source:HGNC Symbol;Acc:HGNC:19048],ENSG00000066279.18,2.8846084191630768,2.9834658182679976,4.68693636123762,9.278782879512531e-6,0.001912997073207427,TRUE
AC114797.1,4,69215908,69216635,728,-,ENSG00000268803,AC114797.1,unprocessed_pseudogene,chromosome,UDP glucuronosyltransferase 2 family pseudogene,ENSG00000268803.1,-3.8673687808192336,-1.9628402655392503,-4.686521497496095,9.292277229941039e-6,0.001912997073207427,TRUE
IGHV3-33,14,106359793,106360324,532,-,ENSG00000211955,IGHV3-33,IG_V_gene,chromosome,immunoglobulin heavy variable 3-33 [Source:HGNC Symbol;Acc:HGNC:5596],ENSG00000211955.2,3.60523922674685,7.055966290460358,4.617974516100776,1.1796138338269392e-5,0.00234690891721527,TRUE
GZMK,5,55024256,55034570,10315,+,ENSG00000113088,GZMK,protein_coding,chromosome,granzyme K [Source:HGNC Symbol;Acc:HGNC:4711],ENSG00000113088.6,-2.3344184675509516,4.24398275214121,-4.616920097074721,1.1839369520548117e-5,0.00234690891721527,TRUE
H3C8,6,26269405,26271815,2411,-,ENSG00000273983,H3C8,protein_coding,chromosome,H3 clustered histone 8 [Source:HGNC Symbol;Acc:HGNC:4772],ENSG00000273983.1,2.771548898952677,-1.0654709684441426,4.61555420828426,1.189563125938046e-5,0.00234690891721527,TRUE
SLC26A8,6,35943516,36024868,81353,-,ENSG00000112053,SLC26A8,protein_coding,chromosome,solute carrier family 26 member 8 [Source:HGNC Symbol;Acc:HGNC:14468],ENSG00000112053.14,2.9385684928293627,4.698286300279334,4.608501023734759,1.2190338733569889e-5,0.0023721063247994557,TRUE
LTK,15,41503637,41513887,10251,-,ENSG00000062524,LTK,protein_coding,chromosome,leukocyte receptor tyrosine kinase [Source:HGNC Symbol;Acc:HGNC:6721],ENSG00000062524.16,-1.8889229220780683,1.775947920492053,-4.554030227950721,1.4719488384086762e-5,0.0027325628225576427,TRUE
KIF14,1,200551497,200620751,69255,-,ENSG00000118193,KIF14,protein_coding,chromosome,kinesin family member 14 [Source:HGNC Symbol;Acc:HGNC:19181],ENSG00000118193.12,2.714509155692373,2.1743823876327415,4.5509147294232974,1.4878690062935091e-5,0.0027325628225576427,TRUE
TOP2A,17,40388525,40417896,29372,-,ENSG00000131747,TOP2A,protein_coding,chromosome,DNA topoisomerase II alpha [Source:HGNC Symbol;Acc:HGNC:11989],ENSG00000131747.15,2.456887723561973,4.794144869265536,4.550751068735479,1.488709936082039e-5,0.0027325628225576427,TRUE
ESPL1,12,53268299,53293638,25340,+,ENSG00000135476,ESPL1,protein_coding,chromosome,"extra spindle pole bodies like 1, separase [Source:HGNC Symbol;Acc:HGNC:16856]",ENSG00000135476.12,3.081338057309634,2.3896035652035104,4.55044446137004,1.4902867539247382e-5,0.0027325628225576427,TRUE
CR1,1,207496147,207641765,145619,+,ENSG00000203710,CR1,protein_coding,chromosome,complement C3b/C4b receptor 1 (Knops blood group) [Source:HGNC Symbol;Acc:HGNC:2334],ENSG00000203710.11,2.05823176268727,8.707189652619403,4.54847428981962,1.5004568825026126e-5,0.0027325628225576427,TRUE
IGLC1,22,22895375,22895834,460,+,ENSG00000211675,IGLC1,IG_C_gene,chromosome,immunoglobulin lambda constant 1 [Source:HGNC Symbol;Acc:HGNC:5855],ENSG00000211675.2,2.8580462747850053,8.525966575478506,4.536273641502216,1.5649634069766228e-5,0.0027872289925336157,TRUE
NCR3,6,31588895,31593006,4112,-,ENSG00000204475,NCR3,protein_coding,chromosome,natural cytotoxicity triggering receptor 3 [Source:HGNC Symbol;Acc:HGNC:19077],ENSG00000204475.10,-1.8848214607881149,2.852379389414701,-4.535394039916694,1.5697171376465277e-5,0.0027872289925336157,TRUE
TRIM51BP,11,89854953,89862893,7941,+,ENSG00000204455,TRIM51BP,unprocessed_pseudogene,chromosome,"tripartite motif-containing 51B, pseudogene [Source:HGNC Symbol;Acc:HGNC:37145]",ENSG00000204455.7,-3.3123426478989115,-2.593309487005903,-4.53004720774104,1.5989191425355282e-5,0.0028040304221873063,TRUE
MCEMP1,19,7676628,7679826,3199,+,ENSG00000183019,MCEMP1,protein_coding,chromosome,mast cell expressed membrane protein 1 [Source:HGNC Symbol;Acc:HGNC:27291],ENSG00000183019.7,2.7619618892431212,6.482709604989668,4.5193363514912965,1.6590175683207343e-5,0.0028739444582921987,TRUE
H3C4,6,26196840,26197250,411,-,ENSG00000197409,H3C4,protein_coding,chromosome,H3 clustered histone 4 [Source:HGNC Symbol;Acc:HGNC:4767],ENSG00000197409.7,2.858552988143936,1.3565594162019663,4.4946247847495835,1.8062045984704726e-5,0.003091221243526875,TRUE
CXCR6,3,45940933,45948351,7419,+,ENSG00000172215,CXCR6,protein_coding,chromosome,C-X-C motif chemokine receptor 6 [Source:HGNC Symbol;Acc:HGNC:16647],ENSG00000172215.6,-2.1302618601531638,2.3986963988519974,-4.469231115030041,1.9706995985557907e-5,0.003332593785414882,TRUE
CDCA2,8,25459199,25507911,48713,+,ENSG00000184661,CDCA2,protein_coding,chromosome,cell division cycle associated 2 [Source:HGNC Symbol;Acc:HGNC:14623],ENSG00000184661.14,2.8927365151942177,1.9637945251079738,4.456159327993297,2.0609790784681713e-5,0.00341788931311032,TRUE
CLEC10A,17,7074537,7080307,5771,-,ENSG00000132514,CLEC10A,protein_coding,chromosome,C-type lectin domain containing 10A [Source:HGNC Symbol;Acc:HGNC:16916],ENSG00000132514.13,-2.3702598969627737,2.6038134152149577,-4.454988283614569,2.069260689387452e-5,0.00341788931311032,TRUE
CDCA5,11,65066300,65084164,17865,-,ENSG00000146670,CDCA5,protein_coding,chromosome,cell division cycle associated 5 [Source:HGNC Symbol;Acc:HGNC:14626],ENSG00000146670.10,2.736634055728171,3.1879121768733816,4.429535405064209,2.2574886270976006e-5,0.0036859340170024616,TRUE
ALOX15,17,4630919,4642294,11376,-,ENSG00000161905,ALOX15,protein_coding,chromosome,arachidonate 15-lipoxygenase [Source:HGNC Symbol;Acc:HGNC:433],ENSG00000161905.13,-3.5483097785859243,0.41546983617670763,-4.417923981258669,2.3488062547901052e-5,0.0037914537328742545,TRUE
HP,16,72054505,72061055,6551,+,ENSG00000257017,HP,protein_coding,chromosome,haptoglobin [Source:HGNC Symbol;Acc:HGNC:5141],ENSG00000257017.9,3.5364226290411156,5.813769476046105,4.4103824824174644,2.4100276781560856e-5,0.0038465666481131678,TRUE
SHCBP1,16,46578591,46621379,42789,-,ENSG00000171241,SHCBP1,protein_coding,chromosome,SHC binding and spindle associated 1 [Source:HGNC Symbol;Acc:HGNC:29547],ENSG00000171241.9,2.8526308124149686,3.7031329325607696,4.3903363240809545,2.5804054922004064e-5,0.0040727400018563086,TRUE
DLGAP5,14,55148112,55191608,43497,-,ENSG00000126787,DLGAP5,protein_coding,chromosome,DLG associated protein 5 [Source:HGNC Symbol;Acc:HGNC:16864],ENSG00000126787.13,2.5715223205076017,3.139242891217309,4.37155637344319,2.7506285489304703e-5,0.004256240068295645,TRUE
CYSLTR2,13,48653711,48711226,57516,+,ENSG00000152207,CYSLTR2,protein_coding,chromosome,cysteinyl leukotriene receptor 2 [Source:HGNC Symbol;Acc:HGNC:18274],ENSG00000152207.7,-2.1939312718280575,2.395812341976677,-4.368495473852632,2.779389000742983e-5,0.004256240068295645,TRUE
CRIP2,14,105472962,105480170,7209,+,ENSG00000182809,CRIP2,protein_coding,chromosome,cysteine rich protein 2 [Source:HGNC Symbol;Acc:HGNC:2361],ENSG00000182809.10,-2.253641848598144,0.5658516366076621,-4.367737470642301,2.786556327712038e-5,0.004256240068295645,TRUE
ADAM12,10,126012381,126388455,376075,-,ENSG00000148848,ADAM12,protein_coding,chromosome,ADAM metallopeptidase domain 12 [Source:HGNC Symbol;Acc:HGNC:190],ENSG00000148848.14,-2.1104131908149473,-0.18482912543422675,-4.354688650520616,2.9127958506581818e-5,0.004401730325382922,TRUE
H2AC13,6,27808199,27808701,503,+,ENSG00000196747,H2AC13,protein_coding,chromosome,H2A clustered histone 13 [Source:HGNC Symbol;Acc:HGNC:4725],ENSG00000196747.4,3.2711509845010514,-0.6288726144235686,4.348369302244477,2.9759161606951787e-5,0.004449777796071054,TRUE
IGLV1-51,22,22322472,22322969,498,+,ENSG00000211644,IGLV1-51,IG_V_gene,chromosome,immunoglobulin lambda variable 1-51 [Source:HGNC Symbol;Acc:HGNC:5882],ENSG00000211644.3,3.4182412251591257,6.231411267248553,4.333235287075103,3.1325340963473285e-5,0.004635171545688938,TRUE
NSG1,4,4348140,4419058,70919,+,ENSG00000168824,NSG1,protein_coding,chromosome,neuronal vesicle trafficking associated 1 [Source:HGNC Symbol;Acc:HGNC:18790],ENSG00000168824.14,-2.1599740047353286,2.406460627107354,-4.3166820101238335,3.3130053887576235e-5,0.0048516743863197985,TRUE
IGLV3-25,22,22686726,22687271,546,+,ENSG00000211659,IGLV3-25,IG_V_gene,chromosome,immunoglobulin lambda variable 3-25 [Source:HGNC Symbol;Acc:HGNC:5908],ENSG00000211659.2,4.07970367734298,6.345268391202882,4.309218690616661,3.397767511360013e-5,0.004925029336619285,TRUE
BIRC5,17,78214186,78225636,11451,+,ENSG00000089685,BIRC5,protein_coding,chromosome,baculoviral IAP repeat containing 5 [Source:HGNC Symbol;Acc:HGNC:593],ENSG00000089685.15,2.8990832589454327,3.077237472468824,4.3027528460924165,3.4726671567834464e-5,0.0049599973284935265,TRUE
WNT10B,12,48965340,48971735,6396,-,ENSG00000169884,WNT10B,protein_coding,chromosome,Wnt family member 10B [Source:HGNC Symbol;Acc:HGNC:12775],ENSG00000169884.14,-1.7778047591563442,-0.1579134696736899,-4.300183891205037,3.5029189521942295e-5,0.0049599973284935265,TRUE
H1-12P,6,26195554,26196633,1080,+,ENSG00000216331,H1-12P,unprocessed_pseudogene,chromosome,"H1.12 linker histone, cluster member pseudogene [Source:HGNC Symbol;Acc:HGNC:19163]",ENSG00000216331.2,2.7692826869847265,0.251647678953127,4.298184264535291,3.526643647855306e-5,0.0049599973284935265,TRUE
E2F8,11,19224063,19241620,17558,-,ENSG00000129173,E2F8,protein_coding,chromosome,E2F transcription factor 8 [Source:HGNC Symbol;Acc:HGNC:24727],ENSG00000129173.13,2.9014630692625243,2.1216739260486364,4.291416743470092,3.608101056222919e-5,0.005024811323886917,TRUE
PTGDR2,11,60850933,60855950,5018,-,ENSG00000183134,PTGDR2,protein_coding,chromosome,prostaglandin D2 receptor 2 [Source:HGNC Symbol;Acc:HGNC:4502],ENSG00000183134.5,-2.783535186950992,1.486399139188793,-4.276183879747936,3.798193584109276e-5,0.005195214451762888,TRUE
KIF20A,5,138178719,138187723,9005,+,ENSG00000112984,KIF20A,protein_coding,chromosome,kinesin family member 20A [Source:HGNC Symbol;Acc:HGNC:9787],ENSG00000112984.12,2.9329554459695673,2.125306548174584,4.275761066614156,3.803606497594793e-5,0.005195214451762888,TRUE
FOXM1,12,2857681,2877155,19475,-,ENSG00000111206,FOXM1,protein_coding,chromosome,forkhead box M1 [Source:HGNC Symbol;Acc:HGNC:3818],ENSG00000111206.12,2.6034154905328935,3.577127735157868,4.2656254958232225,3.935622476781162e-5,0.005311600205272263,TRUE
ID3,1,23557926,23559501,1576,-,ENSG00000117318,ID3,protein_coding,chromosome,"inhibitor of DNA binding 3, HLH protein [Source:HGNC Symbol;Acc:HGNC:5362]",ENSG00000117318.9,-1.8720081314378696,1.8953194252723793,-4.263519828019956,3.963601701927912e-5,0.005311600205272263,TRUE
APBA1,9,69427532,69672371,244840,-,ENSG00000107282,APBA1,protein_coding,chromosome,amyloid beta precursor protein binding family A member 1 [Source:HGNC Symbol;Acc:HGNC:578],ENSG00000107282.8,-2.027189254376702,-1.0960410836681078,-4.251022154267727,4.133682818865908e-5,0.005487753686167311,TRUE
IGKV3-20,2,89142574,89143160,587,-,ENSG00000239951,IGKV3-20,IG_V_gene,chromosome,immunoglobulin kappa variable 3-20 [Source:HGNC Symbol;Acc:HGNC:5817],ENSG00000239951.1,2.719317990206112,7.496034012852361,4.2340253612794605,4.3763999880741234e-5,0.005756181650980826,TRUE
HMMR,5,163460203,163491941,31739,+,ENSG00000072571,HMMR,protein_coding,chromosome,hyaluronan mediated motility receptor [Source:HGNC Symbol;Acc:HGNC:5012],ENSG00000072571.20,2.45071484219951,2.7902781359599467,4.21712265766813,4.63146091645974e-5,0.006014421793006299,TRUE
TPX2,20,31739271,31801805,62535,+,ENSG00000088325,TPX2,protein_coding,chromosome,TPX2 microtubule nucleation factor [Source:HGNC Symbol;Acc:HGNC:1249],ENSG00000088325.16,2.433094772130186,4.226977077276162,4.215453347747861,4.6574191990897076e-5,0.006014421793006299,TRUE
IGLV1-40,22,22409766,22410282,517,+,ENSG00000211653,IGLV1-40,IG_V_gene,chromosome,immunoglobulin lambda variable 1-40 [Source:HGNC Symbol;Acc:HGNC:5877],ENSG00000211653.2,3.1250136821216796,5.902547560161517,4.207365967699953,4.7851935831168424e-5,0.006079731820427952,TRUE
DTL,1,212035553,212107400,71848,+,ENSG00000143476,DTL,protein_coding,chromosome,denticleless E3 ubiquitin protein ligase homolog [Source:HGNC Symbol;Acc:HGNC:30288],ENSG00000143476.18,2.510156704202398,3.2887079122250533,4.2062656955267625,4.802835017779957e-5,0.006079731820427952,TRUE
CDC20,1,43358981,43363203,4223,+,ENSG00000117399,CDC20,protein_coding,chromosome,cell division cycle 20 [Source:HGNC Symbol;Acc:HGNC:1723],ENSG00000117399.14,3.0347044040867512,3.343492408587666,4.204183815196358,4.8363934931950615e-5,0.006079731820427952,TRUE
BUB1B,15,40161009,40221136,60128,+,LRG_489,BUB1B,LRG_gene,chromosome,BUB1 mitotic checkpoint serine/threonine kinase B [Source:HGNC Symbol;Acc:HGNC:1149],LRG_489.1,2.633406585285628,2.943877936367572,4.200641718601231,4.894009575021294e-5,0.00609819350992785,TRUE
IGHG3,14,105764503,105771405,6903,-,ENSG00000211897,IGHG3,IG_C_gene,chromosome,immunoglobulin heavy constant gamma 3 (G3m marker) [Source:HGNC Symbol;Acc:HGNC:5527],ENSG00000211897.9,3.586402811058573,7.181070328432446,4.185378714163757,5.1500250199578156e-5,0.006361400470304415,TRUE
GCNT4,5,75025346,75052558,27213,-,ENSG00000176928,GCNT4,protein_coding,chromosome,glucosaminyl (N-acetyl) transferase 4 [Source:HGNC Symbol;Acc:HGNC:17973],ENSG00000176928.7,-2.2825281971048423,2.4496681420303648,-4.180929438273955,5.2270183333646156e-5,0.006400844433227962,TRUE
PLXDC1,17,39063313,39154394,91082,-,ENSG00000161381,PLXDC1,protein_coding,chromosome,plexin domain containing 1 [Source:HGNC Symbol;Acc:HGNC:20945],ENSG00000161381.14,-1.9521943735671157,1.8218144742777977,-4.176887338664305,5.2979668842567135e-5,0.006432275178706548,TRUE
IGKV3-15,2,89085177,89085787,611,-,ENSG00000244437,IGKV3-15,IG_V_gene,chromosome,immunoglobulin kappa variable 3-15 [Source:HGNC Symbol;Acc:HGNC:5816],ENSG00000244437.1,2.816088863560359,6.372181998848064,4.160969970518987,5.586537479949372e-5,0.006677484143686059,TRUE
RPS3A,4,151099624,151104642,5019,+,ENSG00000145425,RPS3A,protein_coding,chromosome,ribosomal protein S3A [Source:HGNC Symbol;Acc:HGNC:10421],ENSG00000145425.10,-1.821532407979447,8.611506974265492,-4.157990102458753,5.642226656587794e-5,0.006677484143686059,TRUE
CDC45,22,19479457,19520612,41156,+,ENSG00000093009,CDC45,protein_coding,chromosome,cell division cycle 45 [Source:HGNC Symbol;Acc:HGNC:1739],ENSG00000093009.10,2.7543169319498797,2.037158521863145,4.155583798421427,5.687589260545738e-5,0.006677484143686059,TRUE
NELL2,12,44508275,44921848,413574,-,ENSG00000184613,NELL2,protein_coding,chromosome,neural EGFL like 2 [Source:HGNC Symbol;Acc:HGNC:7751],ENSG00000184613.10,-2.6570979285444194,4.283355485123699,-4.155563882529259,5.687966078043035e-5,0.006677484143686059,TRUE
IGKC,2,88857161,88857683,523,-,ENSG00000211592,IGKC,IG_C_gene,chromosome,immunoglobulin kappa constant [Source:HGNC Symbol;Acc:HGNC:5716],ENSG00000211592.8,2.4505103804385726,11.223561412253675,4.146612788795476,5.859840087074175e-5,0.006822871183351529,TRUE
EXO1,1,241847967,241895148,47182,+,ENSG00000174371,EXO1,protein_coding,chromosome,exonuclease 1 [Source:HGNC Symbol;Acc:HGNC:3511],ENSG00000174371.17,2.5767605433326426,1.901330486564441,4.143436582014772,5.9220285505318896e-5,0.006839220777260609,TRUE
APOBR,16,28494643,28498970,4328,+,ENSG00000184730,APOBR,protein_coding,chromosome,apolipoprotein B receptor [Source:HGNC Symbol;Acc:HGNC:24087],ENSG00000184730.11,1.831556905260209,8.0710789342356275,4.136415193422521,6.061779884303406e-5,0.0069100879714232176,TRUE
SIGLEC8,19,51450847,51458456,7610,-,ENSG00000105366,SIGLEC8,protein_coding,chromosome,sialic acid binding Ig like lectin 8 [Source:HGNC Symbol;Acc:HGNC:10877],ENSG00000105366.15,-2.77275695325103,0.29339326703941254,-4.1354775394940475,6.080682833001775e-5,0.0069100879714232176,TRUE
TYMS,18,657604,673499,15896,+,LRG_783,TYMS,LRG_gene,chromosome,thymidylate synthetase [Source:HGNC Symbol;Acc:HGNC:12441],LRG_783.1,2.443941120266458,4.520931661684196,4.129436992062833,6.203832878482804e-5,0.006994083018956208,TRUE
TRAV12-1,14,21841240,21841774,535,+,ENSG00000211785,TRAV12-1,TR_V_gene,chromosome,T cell receptor alpha variable 12-1 [Source:HGNC Symbol;Acc:HGNC:12105],ENSG00000211785.1,-1.9682776651175171,0.4402828792355392,-4.117616821402688,6.451836180327093e-5,0.007211816287023398,TRUE
JCHAIN,4,70655541,70681817,26277,-,ENSG00000132465,JCHAIN,protein_coding,chromosome,joining chain of multimeric IgA and IgM [Source:HGNC Symbol;Acc:HGNC:5713],ENSG00000132465.11,2.4757713871330322,9.422916672748194,4.115441833150425,6.498503940436431e-5,0.007211816287023398,TRUE
TMC5,16,19410496,19499113,88618,+,ENSG00000103534,TMC5,protein_coding,chromosome,transmembrane channel like 5 [Source:HGNC Symbol;Acc:HGNC:22999],ENSG00000103534.17,-2.2023683836688157,2.0659911858411966,-4.098223543335131,6.879656349783e-5,0.007575621585168025,TRUE
IGHV4-59,14,106627249,106627825,577,-,ENSG00000224373,IGHV4-59,IG_V_gene,chromosome,immunoglobulin heavy variable 4-59 [Source:HGNC Symbol;Acc:HGNC:5654],ENSG00000224373.3,3.125215009928953,5.590102901223718,4.089708524768904,7.076059773037394e-5,0.0077319560827689374,TRUE
POLQ,3,121431427,121546641,115215,-,ENSG00000051341,POLQ,protein_coding,chromosome,DNA polymerase theta [Source:HGNC Symbol;Acc:HGNC:9186],ENSG00000051341.14,2.5288387308789013,2.2251617763194025,4.081444330617533,7.27184675137552e-5,0.007885235351396127,TRUE
PLK1,16,23677656,23690367,12712,+,ENSG00000166851,PLK1,protein_coding,chromosome,polo like kinase 1 [Source:HGNC Symbol;Acc:HGNC:9077],ENSG00000166851.15,2.5311799220009243,3.4052485633504257,4.071612535720162,7.511606688035973e-5,0.008083513106329621,TRUE
HLF,17,55264960,55325187,60228,+,ENSG00000108924,HLF,protein_coding,chromosome,"HLF transcription factor, PAR bZIP family member [Source:HGNC Symbol;Acc:HGNC:4977]",ENSG00000108924.14,-1.9430178917584742,-0.838073499224616,-4.06348156662636,7.715647579059116e-5,0.008240659688762012,TRUE
HBA1,16,176680,177522,843,+,ENSG00000206172,HBA1,protein_coding,chromosome,hemoglobin subunit alpha 1 [Source:HGNC Symbol;Acc:HGNC:4823],ENSG00000206172.8,-3.5188513097844396,4.956678808914445,-4.055691248472283,7.916224564196197e-5,0.0083897020470759,TRUE
KNL1,15,40594020,40664342,70323,+,ENSG00000137812,KNL1,protein_coding,chromosome,kinetochore scaffold 1 [Source:HGNC Symbol;Acc:HGNC:24054],ENSG00000137812.19,2.1200789411978622,3.1731917720169864,4.053342741672866,7.977588269205678e-5,0.0083897020470759,TRUE
RPL21P16,10,120354701,120355183,483,-,ENSG00000220842,RPL21P16,processed_pseudogene,chromosome,ribosomal protein L21 pseudogene 16 [Source:HGNC Symbol;Acc:HGNC:31396],ENSG00000220842.6,-1.6939690593384382,8.301764545251393,-4.050116565531777,8.062725528463219e-5,0.0083897020470759,TRUE
H4C4,6,26188765,26189076,312,-,ENSG00000277157,H4C4,protein_coding,chromosome,H4 clustered histone 4 [Source:HGNC Symbol;Acc:HGNC:4782],ENSG00000277157.1,2.7007086051123803,-0.7229747905952182,4.049035858423198,8.091440904254826e-5,0.0083897020470759,TRUE
E2F7,12,77021248,77065569,44322,-,ENSG00000165891,E2F7,protein_coding,chromosome,E2F transcription factor 7 [Source:HGNC Symbol;Acc:HGNC:23820],ENSG00000165891.16,2.7652029429316904,1.1747158143680592,4.029069757915814,8.640076971816517e-5,0.008893644448163306,TRUE
AC034236.1,5,116051917,116052289,373,-,ENSG00000185641,AC034236.1,processed_pseudogene,chromosome,ribosomal protein S25 (RPS25) pseudogene,ENSG00000185641.6,-1.7125139088958292,5.3352104830228235,-4.025734852411559,8.735149215196173e-5,0.008926819755529615,TRUE
IFITM3,11,319676,327537,7862,-,ENSG00000142089,IFITM3,protein_coding,chromosome,interferon induced transmembrane protein 3 [Source:HGNC Symbol;Acc:HGNC:5414],ENSG00000142089.16,2.4489828594357235,9.203269147253916,4.021356391557659,8.861507113807386e-5,0.00899126489654528,TRUE
LMNB1,5,126776623,126837020,60398,+,ENSG00000113368,LMNB1,protein_coding,chromosome,lamin B1 [Source:HGNC Symbol;Acc:HGNC:6637],ENSG00000113368.12,1.5969814381258507,7.780208609462693,4.010363119062869,9.186589691619171e-5,0.009255000465918463,TRUE
TTC25,17,41930617,41966503,35887,+,ENSG00000204815,TTC25,protein_coding,chromosome,tetratricopeptide repeat domain 25 [Source:HGNC Symbol;Acc:HGNC:25280],ENSG00000204815.10,-3.0326335107576323,-2.1909685615241687,-3.9829829316334133,1.0047084385668092e-4,0.010050622091437693,TRUE
CCNB2,15,59105126,59125045,19920,+,ENSG00000157456,CCNB2,protein_coding,chromosome,cyclin B2 [Source:HGNC Symbol;Acc:HGNC:1580],ENSG00000157456.8,2.4405473423986255,3.00454918127163,3.974684091168467,1.032290154477554e-4,0.010254322828219338,TRUE
AK5,1,77282019,77559966,277948,+,ENSG00000154027,AK5,protein_coding,chromosome,adenylate kinase 5 [Source:HGNC Symbol;Acc:HGNC:365],ENSG00000154027.19,-2.046652459334582,1.6759234435202122,-3.963736466477238,1.0697953196172011e-4,0.010551024229232193,TRUE
ADGRE4P,19,6952500,6997872,45373,-,ENSG00000268758,ADGRE4P,transcribed_unprocessed_pseudogene,chromosome,"adhesion G protein-coupled receptor E4, pseudogene [Source:HGNC Symbol;Acc:HGNC:19240]",ENSG00000268758.7,-2.595255967750731,1.3489428384785247,-3.9616718892999034,1.0770140888691783e-4,0.010551024229232193,TRUE
CCNA2,4,121816444,121823933,7490,-,ENSG00000145386,CCNA2,protein_coding,chromosome,cyclin A2 [Source:HGNC Symbol;Acc:HGNC:1578],ENSG00000145386.10,2.1805700278180113,3.6297239257804277,3.955671722083034,1.0982611662997349e-4,0.010685479361155983,TRUE
CKAP4,12,106237881,106304279,66399,-,ENSG00000136026,CKAP4,protein_coding,chromosome,cytoskeleton associated protein 4 [Source:HGNC Symbol;Acc:HGNC:16991],ENSG00000136026.14,1.8524405845032126,7.681041194829589,3.9504241508937077,1.1171740517839492e-4,0.010724705530608324,TRUE
DYNC2H1,11,103109410,103479863,370454,+,ENSG00000187240,DYNC2H1,protein_coding,chromosome,dynein cytoplasmic 2 heavy chain 1 [Source:HGNC Symbol;Acc:HGNC:2962],ENSG00000187240.16,-2.1482111060914675,-0.4596530535412443,-3.9503639698713804,1.1173927620767561e-4,0.010724705530608324,TRUE
DEPDC1,1,68474152,68497221,23070,-,ENSG00000024526,DEPDC1,protein_coding,chromosome,DEP domain containing 1 [Source:HGNC Symbol;Acc:HGNC:22949],ENSG00000024526.17,2.685444556348655,1.3257538931919366,3.9458013787842803,1.1340949364322872e-4,0.010811958773168215,TRUE
CLIC5,6,45880827,46080348,199522,-,ENSG00000112782,CLIC5,protein_coding,chromosome,chloride intracellular channel 5 [Source:HGNC Symbol;Acc:HGNC:13517],ENSG00000112782.19,-1.8184363278225844,1.2427027632122627,-3.927550256831839,1.2033448609529511e-4,0.011342549838746779,TRUE
ORC1,1,52372829,52404423,31595,-,ENSG00000085840,ORC1,protein_coding,chromosome,origin recognition complex subunit 1 [Source:HGNC Symbol;Acc:HGNC:8487],ENSG00000085840.13,2.3050478730041073,2.649946856755597,3.9269424336968815,1.2057198350234168e-4,0.011342549838746779,TRUE
PFN2,3,149964904,150050788,85885,-,ENSG00000070087,PFN2,protein_coding,chromosome,profilin 2 [Source:HGNC Symbol;Acc:HGNC:8882],ENSG00000070087.14,-1.8371173491893793,0.5776349193329775,-3.9201394325764856,1.2326115262886866e-4,0.011369985788169206,TRUE
ARHGAP23,17,38419280,38512385,93106,+,ENSG00000275832,ARHGAP23,protein_coding,chromosome,Rho GTPase activating protein 23 [Source:HGNC Symbol;Acc:HGNC:29293],ENSG00000275832.5,2.1063588366795094,0.7024951925346221,3.919618647768238,1.2346937851075802e-4,0.011369985788169206,TRUE
LY6G6C,6,31718648,31721746,3099,-,ENSG00000204421,LY6G6C,protein_coding,chromosome,lymphocyte antigen 6 family member G6C [Source:HGNC Symbol;Acc:HGNC:13936],ENSG00000204421.3,3.2627419068861667,-0.4284433936156773,3.91884834304447,1.237784270086857e-4,0.011369985788169206,TRUE
IGLV1-47,22,22357739,22358260,522,+,ENSG00000211648,IGLV1-47,IG_V_gene,chromosome,immunoglobulin lambda variable 1-47 [Source:HGNC Symbol;Acc:HGNC:5880],ENSG00000211648.2,3.078887333790661,5.875564660281455,3.9181331817570433,1.240653148304278e-4,0.011369985788169206,TRUE
E2F2,1,23506438,23531233,24796,-,ENSG00000007968,E2F2,protein_coding,chromosome,E2F transcription factor 2 [Source:HGNC Symbol;Acc:HGNC:3114],ENSG00000007968.7,1.9614960006787432,5.374057121199545,3.909405016925797,1.2762225262620008e-4,0.011620987811251102,TRUE
H2BC5,6,26158146,26171349,13204,+,ENSG00000158373,H2BC5,protein_coding,chromosome,H2B clustered histone 5 [Source:HGNC Symbol;Acc:HGNC:4747],ENSG00000158373.8,2.7270955203410625,4.248102109597915,3.8889036485967376,1.3636784187976675e-4,0.01233824964268845,TRUE
CKAP2L,2,112736349,112764664,28316,-,ENSG00000169607,CKAP2L,protein_coding,chromosome,cytoskeleton associated protein 2 like [Source:HGNC Symbol;Acc:HGNC:26877],ENSG00000169607.13,2.389163676522469,1.9863810979576884,3.882373390440745,1.3927270058198716e-4,0.012521320960551441,TRUE
IGHV1-18,14,106184901,106185394,494,-,ENSG00000211945,IGHV1-18,IG_V_gene,chromosome,immunoglobulin heavy variable 1-18 [Source:HGNC Symbol;Acc:HGNC:5549],ENSG00000211945.2,3.844735059214843,5.590804582309789,3.8676159615773176,1.4606705418324477e-4,0.013049575501088,TRUE
NT5E,6,85449584,85495791,46208,+,ENSG00000135318,NT5E,protein_coding,chromosome,5'-nucleotidase ecto [Source:HGNC Symbol;Acc:HGNC:8021],ENSG00000135318.12,-2.0453464262882397,2.400558696669523,-3.852206278382894,1.534827533453276e-4,0.013626390695439868,TRUE
WNT7A,3,13816258,13880071,63814,-,ENSG00000154764,WNT7A,protein_coding,chromosome,Wnt family member 7A [Source:HGNC Symbol;Acc:HGNC:12786],ENSG00000154764.6,-2.073274062403046,-0.5936404574626833,-3.848420270266339,1.5536167739610087e-4,0.0137075318472771,TRUE
IGHM,14,105851705,105856218,4514,-,ENSG00000211899,IGHM,IG_C_gene,chromosome,immunoglobulin heavy constant mu [Source:HGNC Symbol;Acc:HGNC:5541],ENSG00000211899.10,2.398967033143972,10.640403330341705,3.8304670992570125,1.6457669058890135e-4,0.014353687788762174,TRUE
ELL2,5,95885098,95961851,76754,-,ENSG00000118985,ELL2,protein_coding,chromosome,elongation factor for RNA polymerase II 2 [Source:HGNC Symbol;Acc:HGNC:17064],ENSG00000118985.16,2.004891569933349,6.126191505610713,3.8302217937278953,1.6470616751624318e-4,0.014353687788762174,TRUE
BCL6,3,187721377,187745725,24349,-,ENSG00000113916,BCL6,protein_coding,chromosome,BCL6 transcription repressor [Source:HGNC Symbol;Acc:HGNC:1001],ENSG00000113916.18,2.0445539834445805,9.509030052947436,3.824427833021183,1.6779295584154193e-4,0.014533530108104285,TRUE
DIAPH3,13,59665583,60163928,498346,-,ENSG00000139734,DIAPH3,protein_coding,chromosome,diaphanous related formin 3 [Source:HGNC Symbol;Acc:HGNC:15480],ENSG00000139734.19,2.565027869629813,1.3458029819288926,3.8195183108843778,1.7045199369197556e-4,0.014642368282552474,TRUE
IFI27,14,94104836,94116698,11863,+,ENSG00000165949,IFI27,protein_coding,chromosome,interferon alpha inducible protein 27 [Source:HGNC Symbol;Acc:HGNC:5397],ENSG00000165949.12,4.980335278023514,6.014877711405345,3.818697062177582,1.7111109714211268e-4,0.014642368282552474,TRUE
KIF15,3,44761721,44873376,111656,+,ENSG00000163808,KIF15,protein_coding,chromosome,kinesin family member 15 [Source:HGNC Symbol;Acc:HGNC:17273],ENSG00000163808.17,2.3111548424148998,2.615430776335283,3.8142342777925404,1.733590887875858e-4,0.014745903330704531,TRUE
SDC1,2,20200797,20225433,24637,-,ENSG00000115884,SDC1,protein_coding,chromosome,syndecan 1 [Source:HGNC Symbol;Acc:HGNC:10658],ENSG00000115884.11,5.80201198072898,2.204506622371098,3.8055688297333576,1.7898143858751574e-4,0.015133519851997982,TRUE
EEF1A1P6,7,22510616,22511999,1384,-,ENSG00000233476,EEF1A1P6,processed_pseudogene,chromosome,eukaryotic translation elongation factor 1 alpha 1 pseudogene 6 [Source:HGNC Symbol;Acc:HGNC:3201],ENSG00000233476.3,-1.6408250415740175,2.84874475583926,-3.800714596203219,1.810156132669133e-4,0.01521327794091671,TRUE
UBE2C,20,45812576,45816957,4382,+,ENSG00000175063,UBE2C,protein_coding,chromosome,ubiquitin conjugating enzyme E2 C [Source:HGNC Symbol;Acc:HGNC:15937],ENSG00000175063.17,2.2766281082176163,2.613561491448304,3.7989016736479204,1.8206668426299475e-4,0.01521327794091671,TRUE
PKMYT1,16,2968024,2980479,12456,-,ENSG00000127564,PKMYT1,protein_coding,chromosome,"protein kinase, membrane associated tyrosine/threonine 1 [Source:HGNC Symbol;Acc:HGNC:29650]",ENSG00000127564.17,2.9873308489747203,1.673636382316769,3.7941146420838483,1.848704686256134e-4,0.015357222262145254,TRUE
IL5RA,3,3066326,3126613,60288,-,ENSG00000091181,IL5RA,protein_coding,chromosome,interleukin 5 receptor subunit alpha [Source:HGNC Symbol;Acc:HGNC:6017],ENSG00000091181.19,-2.449404027470969,1.7285931538511599,-3.7748549912001557,1.9657457554007185e-4,0.016234545613643722,TRUE
VSIG1,X,108044970,108079184,34215,+,ENSG00000101842,VSIG1,protein_coding,chromosome,V-set and immunoglobulin domain containing 1 [Source:HGNC Symbol;Acc:HGNC:28675],ENSG00000101842.13,-2.005257705038136,2.134720052111264,-3.7713156085128516,1.9880147048182987e-4,0.016323554267019615,TRUE
CUX2,12,111034165,111350554,316390,+,ENSG00000111249,CUX2,protein_coding,chromosome,cut like homeobox 2 [Source:HGNC Symbol;Acc:HGNC:19347],ENSG00000111249.14,-2.61527783579115,-1.3796901295602573,-3.765620873210215,2.0243536130195742e-4,0.0165264040649098,TRUE
IGHV4-39,14,106421711,106422218,508,-,ENSG00000211959,IGHV4-39,IG_V_gene,chromosome,immunoglobulin heavy variable 4-39 [Source:HGNC Symbol;Acc:HGNC:5651],ENSG00000211959.2,3.5996808218769,5.300555713266655,3.726569767029316,2.291351571192643e-4,0.018599228039309426,TRUE
IGHV3-21,14,106235064,106235594,531,-,ENSG00000211947,IGHV3-21,IG_V_gene,chromosome,immunoglobulin heavy variable 3-21 [Source:HGNC Symbol;Acc:HGNC:5586],ENSG00000211947.2,3.8553955356092544,5.564225408103457,3.720039620365391,2.3393052421516138e-4,0.018765576511333693,TRUE
IGLV3-19,22,22720623,22721145,523,+,ENSG00000211663,IGLV3-19,IG_V_gene,chromosome,immunoglobulin lambda variable 3-19 [Source:HGNC Symbol;Acc:HGNC:5903],ENSG00000211663.2,3.916121510980686,6.3624203678434474,3.7184359839841417,2.3512461111947303e-4,0.018765576511333693,TRUE
IGKV1-5,2,88947301,88947957,657,-,ENSG00000243466,IGKV1-5,IG_V_gene,chromosome,immunoglobulin kappa variable 1-5 [Source:HGNC Symbol;Acc:HGNC:5741],ENSG00000243466.1,2.6696501786789835,6.661153562304318,3.718365824347064,2.351476676534599e-4,0.018765576511333693,TRUE
CDK1,10,60778331,60794852,16522,+,ENSG00000170312,CDK1,protein_coding,chromosome,cyclin dependent kinase 1 [Source:HGNC Symbol;Acc:HGNC:1722],ENSG00000170312.16,2.257471187212569,2.969624647777824,3.7056215459943282,2.448026157288673e-4,0.019426933834796427,TRUE
MELK,9,36572862,36677683,104822,+,ENSG00000165304,MELK,protein_coding,chromosome,maternal embryonic leucine zipper kinase [Source:HGNC Symbol;Acc:HGNC:16870],ENSG00000165304.8,2.356894912639584,2.129509334017394,3.6973657581973622,2.5125856238610673e-4,0.01976815420969158,TRUE
H2BC8,6,26215159,26216692,1534,-,ENSG00000273802,H2BC8,protein_coding,chromosome,H2B clustered histone 8 [Source:HGNC Symbol;Acc:HGNC:4746],ENSG00000273802.2,2.511807672818091,1.0926221511279686,3.696574683525225,2.5188566786020245e-4,0.01976815420969158,TRUE
KIF2C,1,44739818,44767767,27950,+,ENSG00000142945,KIF2C,protein_coding,chromosome,kinesin family member 2C [Source:HGNC Symbol;Acc:HGNC:6393],ENSG00000142945.13,2.3382804986847052,2.957790563702849,3.6938650088069833,2.540450567451682e-4,0.019828077093764364,TRUE
SKA1,18,50375040,50394168,19129,+,ENSG00000154839,SKA1,protein_coding,chromosome,spindle and kinetochore associated complex subunit 1 [Source:HGNC Symbol;Acc:HGNC:28109],ENSG00000154839.10,2.1450519075257355,2.375035126125845,3.6776224925897716,2.6736527628206335e-4,0.020753681691730655,TRUE
TRAV8-3,14,21852558,21853006,449,+,ENSG00000211787,TRAV8-3,TR_V_gene,chromosome,T cell receptor alpha variable 8-3 [Source:HGNC Symbol;Acc:HGNC:12148],ENSG00000211787.1,-2.0625193063455742,0.5214152695242503,-3.6655926879306375,2.7765883938156763e-4,0.021435564203343305,TRUE
KREMEN1,22,29073078,29168333,95256,+,ENSG00000183762,KREMEN1,protein_coding,chromosome,kringle containing transmembrane protein 1 [Source:HGNC Symbol;Acc:HGNC:17550],ENSG00000183762.12,2.33633474834658,6.211982806750091,3.662476340841355,2.803866113451101e-4,0.021529144941390754,TRUE
EEF1A1P12,2,106697331,106698676,1346,-,ENSG00000214199,EEF1A1P12,processed_pseudogene,chromosome,eukaryotic translation elongation factor 1 alpha 1 pseudogene 12 [Source:HGNC Symbol;Acc:HGNC:3195],ENSG00000214199.3,-1.6735603948003601,-0.40193115575708815,-3.6593641288350343,2.83136333789202e-4,0.021552411708343034,TRUE
PLD4,14,104924713,104937790,13078,+,ENSG00000166428,PLD4,protein_coding,chromosome,phospholipase D family member 4 [Source:HGNC Symbol;Acc:HGNC:23792],ENSG00000166428.13,-2.053101948912972,2.3885404422036847,-3.658702618539286,2.837241104864588e-4,0.021552411708343034,TRUE
AURKB,17,8204733,8210600,5868,-,ENSG00000178999,AURKB,protein_coding,chromosome,aurora kinase B [Source:HGNC Symbol;Acc:HGNC:11390],ENSG00000178999.13,2.3188645466116946,2.6279912679794886,3.6515692504276833,2.901369686634555e-4,0.021922317233321203,TRUE
CXCL8,4,73740541,73743716,3176,+,ENSG00000169429,CXCL8,protein_coding,chromosome,C-X-C motif chemokine ligand 8 [Source:HGNC Symbol;Acc:HGNC:6025],ENSG00000169429.11,-2.2058171170603846,2.4369739506213812,-3.645235875326643,2.959465900081622e-4,0.02224296989981981,TRUE
AK1,9,127866486,127877675,11190,-,ENSG00000106992,AK1,protein_coding,chromosome,adenylate kinase 1 [Source:HGNC Symbol;Acc:HGNC:361],ENSG00000106992.19,-1.9872752052657123,2.280529653440209,-3.643031177973187,2.979949362292499e-4,0.02227904246913944,TRUE
B4GALT5,20,49632945,49713878,80934,-,ENSG00000158470,B4GALT5,protein_coding,chromosome,"beta-1,4-galactosyltransferase 5 [Source:HGNC Symbol;Acc:HGNC:928]",ENSG00000158470.5,1.6995427928708908,8.192573013623466,3.6335510427012925,3.069582175975061e-4,0.02275939610840851,TRUE
FER1L4,20,35558737,35607562,48826,-,ENSG00000088340,FER1L4,transcribed_unitary_pseudogene,chromosome,fer-1 like family member 4 (pseudogene) [Source:HGNC Symbol;Acc:HGNC:15801],ENSG00000088340.16,2.87236100481306,1.1134191514243683,3.632621476636804,3.0785111138710314e-4,0.02275939610840851,TRUE
MDS2,1,23581495,23640568,59074,+,ENSG00000197880,MDS2,lncRNA,chromosome,myelodysplastic syndrome 2 translocation associated [Source:HGNC Symbol;Acc:HGNC:29633],ENSG00000197880.8,-1.6118504001082852,-0.2317651284118549,-3.6296346044500734,3.107358485261667e-4,0.02275939610840851,TRUE
TK1,17,78174091,78187233,13143,-,ENSG00000167900,TK1,protein_coding,chromosome,thymidine kinase 1 [Source:HGNC Symbol;Acc:HGNC:11830],ENSG00000167900.12,2.499938454114149,3.44182730526279,3.628321539927674,3.120122967375122e-4,0.02275939610840851,TRUE
ENPP3,6,131628442,131747418,118977,+,ENSG00000154269,ENPP3,protein_coding,chromosome,ectonucleotide pyrophosphatase/phosphodiesterase 3 [Source:HGNC Symbol;Acc:HGNC:3358],ENSG00000154269.15,-1.9678089012064102,-0.9601035017474685,-3.6262545797532244,3.14031754623778e-4,0.02275939610840851,TRUE
FAM20A,17,68535113,68601367,66255,-,ENSG00000108950,FAM20A,protein_coding,chromosome,FAM20A golgi associated secretory pathway pseudokinase [Source:HGNC Symbol;Acc:HGNC:23015],ENSG00000108950.12,3.536971683720176,2.696303999825944,3.6256574981169116,3.1463040192221853e-4,0.02275939610840851,TRUE
SPC25,2,168834132,168913371,79240,-,ENSG00000152253,SPC25,protein_coding,chromosome,SPC25 component of NDC80 kinetochore complex [Source:HGNC Symbol;Acc:HGNC:24031],ENSG00000152253.9,2.344399414607959,1.4143348005457392,3.624622234435057,3.1563541241509864e-4,0.02275939610840851,TRUE
CDT1,16,88803789,88809258,5470,+,ENSG00000167513,CDT1,protein_coding,chromosome,chromatin licensing and DNA replication factor 1 [Source:HGNC Symbol;Acc:HGNC:24576],ENSG00000167513.9,2.4685226883689246,2.4556342481565645,3.6212717157429752,3.1895159641003257e-4,0.022882360742447035,TRUE
CENPE,4,103105349,103198445,93097,-,ENSG00000138778,CENPE,protein_coding,chromosome,centromere protein E [Source:HGNC Symbol;Acc:HGNC:1856],ENSG00000138778.13,2.042726920831769,3.154793978175797,3.6118804045682666,3.284249754238085e-4,0.023338598860834576,TRUE
UHRF1,19,4903080,4962154,59075,+,ENSG00000276043,UHRF1,protein_coding,chromosome,ubiquitin like with PHD and ring finger domains 1 [Source:HGNC Symbol;Acc:HGNC:12556],ENSG00000276043.5,1.9657464317886295,3.8940598312039216,3.6117123157119058,3.2859695685793133e-4,0.023338598860834576,TRUE
SIGLEC17P,19,51167328,51173524,6197,+,ENSG00000171101,SIGLEC17P,transcribed_unprocessed_pseudogene,chromosome,"sialic acid binding Ig like lectin 17, pseudogene [Source:HGNC Symbol;Acc:HGNC:15604]",ENSG00000171101.13,-1.7272817315012376,1.5343520116915008,-3.607628313547733,3.3280206436512585e-4,0.0234663749148249,TRUE
CEP55,10,93496612,93529092,32481,+,ENSG00000138180,CEP55,protein_coding,chromosome,centrosomal protein 55 [Source:HGNC Symbol;Acc:HGNC:1161],ENSG00000138180.16,2.31440182762998,2.990830994809665,3.6067626785456075,3.336999459904703e-4,0.0234663749148249,TRUE
SPAG4,20,35615829,35621094,5266,+,ENSG00000061656,SPAG4,protein_coding,chromosome,sperm associated antigen 4 [Source:HGNC Symbol;Acc:HGNC:11214],ENSG00000061656.10,2.59752685820488,-0.7376006645937755,3.603747528858143,3.368455352532689e-4,0.0235708907796684,TRUE
TRBV11-1,7,142407672,142408136,465,+,ENSG00000211720,TRBV11-1,TR_V_gene,chromosome,T cell receptor beta variable 11-1 [Source:HGNC Symbol;Acc:HGNC:12180],ENSG00000211720.3,-2.210889765851863,-1.0922605118445694,-3.599642700823254,3.411734145997986e-4,0.023756707619559503,TRUE
SLCO4A1,20,62642503,62685785,43283,+,ENSG00000101187,SLCO4A1,protein_coding,chromosome,solute carrier organic anion transporter family member 4A1 [Source:HGNC Symbol;Acc:HGNC:10953],ENSG00000101187.16,2.7201953586424605,1.4718583315124796,3.5947160218262217,3.46438042474172e-4,0.02400562143095421,TRUE
HASPIN,17,3723903,3726699,2797,+,ENSG00000177602,HASPIN,protein_coding,chromosome,histone H3 associated protein kinase [Source:HGNC Symbol;Acc:HGNC:19682],ENSG00000177602.5,2.338966160901082,1.2976938177503365,3.5904746481286822,3.510322024816926e-4,0.024196362015647694,TRUE
IGHV5-51,14,106578744,106579236,493,-,ENSG00000211966,IGHV5-51,IG_V_gene,chromosome,immunoglobulin heavy variable 5-51 [Source:HGNC Symbol;Acc:HGNC:5659],ENSG00000211966.2,3.077777547141911,5.721360451053646,3.589043140936568,3.5259746126287036e-4,0.024196362015647694,TRUE
IGLV1-44,22,22380766,22381347,582,+,ENSG00000211651,IGLV1-44,IG_V_gene,chromosome,immunoglobulin lambda variable 1-44 [Source:HGNC Symbol;Acc:HGNC:5879],ENSG00000211651.3,3.2659098664201447,5.68525196096901,3.578509908097709,3.643128727350601e-4,0.024880117101930426,TRUE
TDRD6,6,46687875,46704319,16445,+,ENSG00000180113,TDRD6,protein_coding,chromosome,tudor domain containing 6 [Source:HGNC Symbol;Acc:HGNC:21339],ENSG00000180113.16,-2.276415227909961,-0.8541298166301975,-3.564797464006982,3.80111760991246e-4,0.02583486873148636,TRUE
UBE2J1,6,89326625,89352722,26098,-,ENSG00000198833,UBE2J1,protein_coding,chromosome,ubiquitin conjugating enzyme E2 J1 [Source:HGNC Symbol;Acc:HGNC:17598],ENSG00000198833.7,1.489747422208617,8.194217041245505,3.5624291261531136,3.829067042547807e-4,0.02590090349494838,TRUE
RPS14,5,150442635,150449739,7105,-,ENSG00000164587,RPS14,protein_coding,chromosome,ribosomal protein S14 [Source:HGNC Symbol;Acc:HGNC:10387],ENSG00000164587.13,-1.5909963133720222,7.827166270586573,-3.559764115749961,3.860751910633589e-4,0.02590949841639341,TRUE
TRBV29-1,7,142740206,142740894,689,+,ENSG00000232869,TRBV29-1,TR_V_gene,chromosome,T cell receptor beta variable 29-1 [Source:HGNC Symbol;Acc:HGNC:12210],ENSG00000232869.2,-2.0746157319578176,1.652104338879581,-3.5592563540421565,3.8668170815032754e-4,0.02590949841639341,TRUE
CAMK2N1,1,20482391,20486210,3820,-,ENSG00000162545,CAMK2N1,protein_coding,chromosome,calcium/calmodulin dependent protein kinase II inhibitor 1 [Source:HGNC Symbol;Acc:HGNC:24190],ENSG00000162545.6,-1.8554032474245061,0.0498974645124272,-3.5486368728597206,3.9957672110223355e-4,0.026536653418853983,TRUE
ALDH1L2,12,105019784,105107643,87860,-,ENSG00000136010,ALDH1L2,protein_coding,chromosome,aldehyde dehydrogenase 1 family member L2 [Source:HGNC Symbol;Acc:HGNC:26777],ENSG00000136010.14,2.855561064681445,1.5776135176386146,3.5484742336636033,3.9977781285707514e-4,0.026536653418853983,TRUE
RPS12,6,132814569,132817564,2996,+,ENSG00000112306,RPS12,protein_coding,chromosome,ribosomal protein S12 [Source:HGNC Symbol;Acc:HGNC:10385],ENSG00000112306.8,-1.7273681284112197,8.670665338511288,-3.546398258336053,4.0234684588482967e-4,0.026582962538576768,TRUE
ITGA7,12,55684568,55716043,31476,-,ENSG00000135424,ITGA7,protein_coding,chromosome,integrin subunit alpha 7 [Source:HGNC Symbol;Acc:HGNC:6143],ENSG00000135424.17,4.131674156299315,2.9023207809590894,3.5388505564597397,4.119897209648828e-4,0.02709404623289889,TRUE
IGKV1-33,2,89266494,89268506,2013,-,ENSG00000242076,IGKV1-33,IG_V_gene,chromosome,immunoglobulin kappa variable 1-33 [Source:HGNC Symbol;Acc:HGNC:5737],ENSG00000242076.2,3.153036577771413,5.63503118766463,3.534064161973614,4.179442995972153e-4,0.027358980533541216,TRUE
AP5B1,11,65773898,65780976,7079,-,ENSG00000254470,AP5B1,protein_coding,chromosome,adaptor related protein complex 5 subunit beta 1 [Source:HGNC Symbol;Acc:HGNC:25104],ENSG00000254470.3,1.695841235348026,6.798577891893029,3.5285111697412943,4.2514759295227757e-4,0.027584899235125086,TRUE
H2AC19,1,149851061,149851624,564,+,ENSG00000272196,H2AC19,protein_coding,chromosome,H2A clustered histone 19 [Source:HGNC Symbol;Acc:HGNC:29668],ENSG00000272196.2,2.771907667730831,2.5644492573208884,3.527994860286663,4.258239397545212e-4,0.027584899235125086,TRUE
CENPF,1,214603195,214664571,61377,+,ENSG00000117724,CENPF,protein_coding,chromosome,centromere protein F [Source:HGNC Symbol;Acc:HGNC:1857],ENSG00000117724.13,2.0250702940595122,3.987167005640394,3.5260282645996384,4.2840820615446527e-4,0.027584899235125086,TRUE
CDC25C,5,138285265,138338355,53091,-,ENSG00000158402,CDC25C,protein_coding,chromosome,cell division cycle 25C [Source:HGNC Symbol;Acc:HGNC:1727],ENSG00000158402.20,2.4628832155993874,0.25837302435884485,3.5253310069887873,4.2932814871897624e-4,0.027584899235125086,TRUE
FOSL1,11,65892049,65900573,8525,-,ENSG00000175592,FOSL1,protein_coding,chromosome,"FOS like 1, AP-1 transcription factor subunit [Source:HGNC Symbol;Acc:HGNC:13718]",ENSG00000175592.9,2.3680974400138255,-0.11803894457502115,3.522600364771881,4.329489727900573e-4,0.027584899235125086,TRUE
SPTSSB,3,161344792,161372880,28089,-,ENSG00000196542,SPTSSB,protein_coding,chromosome,serine palmitoyltransferase small subunit B [Source:HGNC Symbol;Acc:HGNC:24045],ENSG00000196542.8,-2.0893908184210876,-0.31935624607315133,-3.5222553024095355,4.3340858644648397e-4,0.027584899235125086,TRUE
TRBV6-2,7,142349152,142349664,513,+,ENSG00000283063,TRBV6-2,TR_V_gene,chromosome,T cell receptor beta variable 6-2 (gene/pseudogene) [Source:HGNC Symbol;Acc:HGNC:12227],ENSG00000283063.1,-2.0245024964017295,0.21013049618659999,-3.521071512958157,4.349889073331939e-4,0.027584899235125086,TRUE
ANLN,7,36389821,36453791,63971,+,ENSG00000011426,ANLN,protein_coding,chromosome,anillin actin binding protein [Source:HGNC Symbol;Acc:HGNC:14082],ENSG00000011426.11,2.522451850141903,2.6035743880889655,3.5184220066946987,4.3854584587705507e-4,0.027686861069704742,TRUE
S100A9,1,153357854,153361023,3170,+,ENSG00000163220,S100A9,protein_coding,chromosome,S100 calcium binding protein A9 [Source:HGNC Symbol;Acc:HGNC:10499],ENSG00000163220.11,1.896465690909853,12.75159771710757,3.516211465130405,4.4153460748386843e-4,0.027752208404019253,TRUE
PYCR1,17,81932384,81942412,10029,-,ENSG00000183010,PYCR1,protein_coding,chromosome,pyrroline-5-carboxylate reductase 1 [Source:HGNC Symbol;Acc:HGNC:9721],ENSG00000183010.17,3.13181425885897,1.722037591234743,3.5054336649570748,4.5639077047463444e-4,0.028301839632392297,TRUE
CCR3,3,46163604,46266706,103103,+,ENSG00000183625,CCR3,protein_coding,chromosome,C-C motif chemokine receptor 3 [Source:HGNC Symbol;Acc:HGNC:1604],ENSG00000183625.15,-2.574330956492325,3.048819502852141,-3.5048645552374724,4.5718411704875634e-4,0.028301839632392297,TRUE
TTK,6,80003887,80042527,38641,+,ENSG00000112742,TTK,protein_coding,chromosome,TTK protein kinase [Source:HGNC Symbol;Acc:HGNC:12401],ENSG00000112742.10,2.0668420003823598,2.136212586569024,3.5046412670228686,4.574972561855736e-4,0.028301839632392297,TRUE
PLA2G7,6,46704201,46735693,31493,-,ENSG00000146070,PLA2G7,protein_coding,chromosome,phospholipase A2 group VII [Source:HGNC Symbol;Acc:HGNC:9040],ENSG00000146070.17,-2.1251682587679284,1.6459476297678053,-3.504106100892368,4.582487233685483e-4,0.028301839632392297,TRUE
TROAP,12,49323236,49331731,8496,+,ENSG00000135451,TROAP,protein_coding,chromosome,trophinin associated protein [Source:HGNC Symbol;Acc:HGNC:12327],ENSG00000135451.13,2.569700121293024,1.7824142948354678,3.5003691219080526,4.6352898208731907e-4,0.02850402246991501,TRUE
ASS1,9,130444961,130501274,56314,+,ENSG00000130707,ASS1,protein_coding,chromosome,argininosuccinate synthase 1 [Source:HGNC Symbol;Acc:HGNC:758],ENSG00000130707.18,2.9973070822172247,-1.2115159155367872,3.4980667230176836,4.668127499413914e-4,0.02858222031429942,TRUE
IGLV2-11,22,22792491,22793007,517,+,ENSG00000211668,IGLV2-11,IG_V_gene,chromosome,immunoglobulin lambda variable 2-11 [Source:HGNC Symbol;Acc:HGNC:5887],ENSG00000211668.2,2.7752123905361787,5.549893971748724,3.4953531632764347,4.707077194892216e-4,0.02869700925040512,TRUE
PPARG,3,12287368,12434356,146989,+,ENSG00000132170,PPARG,protein_coding,chromosome,peroxisome proliferator activated receptor gamma [Source:HGNC Symbol;Acc:HGNC:9236],ENSG00000132170.21,3.0691761189054967,1.50535398855689,3.489049237537191,4.798822038245726e-4,0.02904937153576302,TRUE
KIF11,10,92593130,92655395,62266,+,ENSG00000138160,KIF11,protein_coding,chromosome,kinesin family member 11 [Source:HGNC Symbol;Acc:HGNC:6388],ENSG00000138160.6,2.031516695844017,4.216932503813295,3.4885739583790305,4.805774242100887e-4,0.02904937153576302,TRUE
CD177,19,43353686,43363172,9487,+,ENSG00000204936,CD177,protein_coding,chromosome,CD177 molecule [Source:HGNC Symbol;Acc:HGNC:30072],ENSG00000204936.10,5.5486692473011185,5.969389409623795,3.486555891058204,4.864197364694461e-4,0.029277933714188485,TRUE
TEDC2,16,2460086,2464963,4878,+,ENSG00000162062,TEDC2,protein_coding,chromosome,tubulin epsilon and delta complex 2 [Source:HGNC Symbol;Acc:HGNC:25849],ENSG00000162062.15,2.5866881132091737,-0.6077822418296823,3.477708875402211,4.968080457585137e-4,0.029777039198310915,TRUE
KCNN3,1,154697455,154870281,172827,-,ENSG00000143603,KCNN3,protein_coding,chromosome,potassium calcium-activated channel subfamily N member 3 [Source:HGNC Symbol;Acc:HGNC:6292],ENSG00000143603.19,3.2914610994581714,1.8136931302952215,3.471354827942507,5.065521237991342e-4,0.029980734520260503,TRUE
KIFC1,6,33391823,33409896,18074,+,ENSG00000237649,KIFC1,protein_coding,chromosome,kinesin family member C1 [Source:HGNC Symbol;Acc:HGNC:6389],ENSG00000237649.8,2.1885149168277223,3.4605531701474295,3.4709057922171773,5.072345412589853e-4,0.029980734520260503,TRUE
ZNF703,8,37695782,37700019,4238,+,ENSG00000183779,ZNF703,protein_coding,chromosome,zinc finger protein 703 [Source:HGNC Symbol;Acc:HGNC:25883],ENSG00000183779.7,-2.258036420217696,1.0258334063707324,-3.47014175228764,5.084184368141715e-4,0.029980734520260503,TRUE
GALNT14,2,30910467,31155202,244736,-,ENSG00000158089,GALNT14,protein_coding,chromosome,polypeptide N-acetylgalactosaminyltransferase 14 [Source:HGNC Symbol;Acc:HGNC:22946],ENSG00000158089.15,3.132033196008526,3.1027956320965853,3.469996610244647,5.086488574011109e-4,0.029980734520260503,TRUE
IGHV4-34,14,106373663,106374145,483,-,ENSG00000211956,IGHV4-34,IG_V_gene,chromosome,immunoglobulin heavy variable 4-34 [Source:HGNC Symbol;Acc:HGNC:5650],ENSG00000211956.2,3.6345068189261753,5.7970279389363855,3.4685152959113035,5.110017740521893e-4,0.02999495950583202,TRUE
SPC24,19,11131520,11155808,24289,-,ENSG00000161888,SPC24,protein_coding,chromosome,SPC24 component of NDC80 kinetochore complex [Source:HGNC Symbol;Acc:HGNC:26913],ENSG00000161888.11,2.0914263388388683,1.7102218286769484,3.4634811946614454,5.188509473705241e-4,0.030330360935795452,TRUE
PLBD1,12,14503661,14567883,64223,-,ENSG00000121316,PLBD1,protein_coding,chromosome,phospholipase B domain containing 1 [Source:HGNC Symbol;Acc:HGNC:26215],ENSG00000121316.11,1.6899692186700852,9.14375102921433,3.4542777401663725,5.336016617497554e-4,0.030961429426643004,TRUE
DSC1,18,31129236,31162856,33621,-,ENSG00000134765,DSC1,protein_coding,chromosome,desmocollin 1 [Source:HGNC Symbol;Acc:HGNC:3035],ENSG00000134765.9,-2.456893380096754,-0.5482536279806847,-3.4540291094541775,5.340056465700483e-4,0.030961429426643004,TRUE
ADM,11,10305073,10307397,2325,+,ENSG00000148926,ADM,protein_coding,chromosome,adrenomedullin [Source:HGNC Symbol;Acc:HGNC:259],ENSG00000148926.10,2.088430267635803,5.671911246413944,3.4484490464198974,5.431486766792053e-4,0.031363524196049236,TRUE
RPS23P8,X,70962964,70963293,330,+,ENSG00000230629,RPS23P8,processed_pseudogene,chromosome,ribosomal protein S23 pseudogene 8 [Source:HGNC Symbol;Acc:HGNC:35982],ENSG00000230629.2,-1.7322022821276502,5.9852469311487,-3.4397982958040036,5.576176464953218e-4,0.03199182750856616,TRUE
NEK2,1,211658657,211675630,16974,-,ENSG00000117650,NEK2,protein_coding,chromosome,NIMA related kinase 2 [Source:HGNC Symbol;Acc:HGNC:7745],ENSG00000117650.13,2.2436660935716235,1.680084067700612,3.439257721180035,5.585338417546221e-4,0.03199182750856616,TRUE
IGHV3-15,14,106153624,106154163,540,-,ENSG00000211943,IGHV3-15,IG_V_gene,chromosome,immunoglobulin heavy variable 3-15 [Source:HGNC Symbol;Acc:HGNC:5582],ENSG00000211943.2,3.578502893511978,4.943450577156378,3.4271841426604883,5.794308905072317e-4,0.033055485139177616,TRUE
IL10,1,206767602,206774541,6940,-,ENSG00000136634,IL10,protein_coding,chromosome,interleukin 10 [Source:HGNC Symbol;Acc:HGNC:5962],ENSG00000136634.7,2.143115296314055,0.4962641374584079,3.423201433496744,5.864078032850379e-4,0.03331969138265586,TRUE
TRIP13,5,892884,919357,26474,+,ENSG00000071539,TRIP13,protein_coding,chromosome,thyroid hormone receptor interactor 13 [Source:HGNC Symbol;Acc:HGNC:12307],ENSG00000071539.14,2.4757689038940867,2.1176801626465056,3.4173559829674973,5.968796172471359e-4,0.033779581525878746,TRUE
PCLAF,15,64364304,64387687,23384,-,ENSG00000166803,PCLAF,protein_coding,chromosome,PCNA clamp associated factor [Source:HGNC Symbol;Acc:HGNC:28961],ENSG00000166803.13,1.9600336827482374,2.7817378044040195,3.4146392237711995,6.018066694465766e-4,0.0338695602037902,TRUE
IFITM3P6,NA,NA,NA,NA,NA,NA,NA,NA,NA,NA,NA,-1.6294395803132482,0.7056310884363094,-3.4138538407890793,6.032382070791214e-4,0.0338695602037902,TRUE
H2BC7,6,26199520,26200715,1196,+,ENSG00000277224,H2BC7,protein_coding,chromosome,H2B clustered histone 7 [Source:HGNC Symbol;Acc:HGNC:4752],ENSG00000277224.2,2.7318947950001777,-0.018722518931729167,3.4101005220367235,6.101246992101381e-4,0.03412134390661422,TRUE
TTC9,14,70641916,70675366,33451,+,ENSG00000133985,TTC9,protein_coding,chromosome,tetratricopeptide repeat domain 9 [Source:HGNC Symbol;Acc:HGNC:20267],ENSG00000133985.3,-1.6256159443010771,3.9330680058995866,-3.4082708709996745,6.135079296209009e-4,0.03417600055005842,TRUE
PBK,8,27809624,27838082,28459,-,ENSG00000168078,PBK,protein_coding,chromosome,PDZ binding kinase [Source:HGNC Symbol;Acc:HGNC:18282],ENSG00000168078.10,2.721113664881849,1.0182364922331333,3.405570634808869,6.185347082936645e-4,0.034321427856685564,TRUE
DNASE1L3,3,58192257,58214697,22441,-,ENSG00000163687,DNASE1L3,protein_coding,chromosome,deoxyribonuclease 1 like 3 [Source:HGNC Symbol;Acc:HGNC:2959],ENSG00000163687.14,-1.6797434420845216,-0.30614729108169036,-3.402887688028082,6.235670321723424e-4,0.034466029929992696,TRUE
IGHJ3,14,105864587,105864635,49,-,ENSG00000242887,IGHJ3,IG_J_gene,chromosome,immunoglobulin heavy joining 3 [Source:HGNC Symbol;Acc:HGNC:5536],ENSG00000242887.1,3.113846847132953,3.905483477184508,3.3919725731755133,6.444536160313403e-4,0.03548241711521391,TRUE
KLRG1,12,8950044,9010760,60717,+,ENSG00000139187,KLRG1,protein_coding,chromosome,killer cell lectin like receptor G1 [Source:HGNC Symbol;Acc:HGNC:6380],ENSG00000139187.10,-1.9829608420392328,3.783166098638343,-3.380890184042395,6.663204325322126e-4,0.03653317359126198,TRUE
RPL21,13,27251309,27256691,5383,+,ENSG00000122026,RPL21,protein_coding,chromosome,ribosomal protein L21 [Source:HGNC Symbol;Acc:HGNC:10313],ENSG00000122026.10,-1.5851960843407058,7.507164794771088,-3.3797145554481682,6.686818115964881e-4,0.03653317359126198,TRUE
FBLN2,3,13549125,13638422,89298,+,ENSG00000163520,FBLN2,protein_coding,chromosome,fibulin 2 [Source:HGNC Symbol;Acc:HGNC:3601],ENSG00000163520.14,-1.9941348658406808,-0.36735356554410714,-3.3692067419912957,6.901429641725291e-4,0.037509249300773255,TRUE
ISM1,20,13221274,13300651,79378,+,ENSG00000101230,ISM1,protein_coding,chromosome,isthmin 1 [Source:HGNC Symbol;Acc:HGNC:16213],ENSG00000101230.6,-2.2058785501873612,-0.862570459549518,-3.3681551565856385,6.923262765151974e-4,0.037509249300773255,TRUE
GGH,8,63015079,63038806,23728,-,ENSG00000137563,GGH,protein_coding,chromosome,gamma-glutamyl hydrolase [Source:HGNC Symbol;Acc:HGNC:4248],ENSG00000137563.12,2.2506776652441878,3.1901676494662126,3.365252979832341,6.983857957818314e-4,0.037509249300773255,TRUE
GALNT12,9,98807670,98850081,42412,+,ENSG00000119514,GALNT12,protein_coding,chromosome,polypeptide N-acetylgalactosaminyltransferase 12 [Source:HGNC Symbol;Acc:HGNC:19877],ENSG00000119514.7,-1.5768161492227524,1.6655913324503484,-3.3649034175479344,6.991190320012715e-4,0.037509249300773255,TRUE
CENPA,2,26764289,26801067,36779,+,ENSG00000115163,CENPA,protein_coding,chromosome,centromere protein A [Source:HGNC Symbol;Acc:HGNC:1851],ENSG00000115163.15,2.40212691744727,1.0665687630865155,3.3646028227566687,6.997501629500114e-4,0.037509249300773255,TRUE
REG4,1,119794017,119811580,17564,-,ENSG00000134193,REG4,protein_coding,chromosome,regenerating family member 4 [Source:HGNC Symbol;Acc:HGNC:22977],ENSG00000134193.15,-2.558139879095303,-1.8586990713000249,-3.356617336040132,7.167149574098105e-4,0.03827419537596376,TRUE
ZNF502,3,44712643,44723831,11189,+,ENSG00000196653,ZNF502,protein_coding,chromosome,zinc finger protein 502 [Source:HGNC Symbol;Acc:HGNC:23718],ENSG00000196653.12,-1.630963499422408,0.6618108057774349,-3.354703361366648,7.208383944241302e-4,0.03835022244492423,TRUE
APOBEC3B,22,38982347,38992804,10458,+,ENSG00000179750,APOBEC3B,protein_coding,chromosome,apolipoprotein B mRNA editing enzyme catalytic subunit 3B [Source:HGNC Symbol;Acc:HGNC:17352],ENSG00000179750.16,2.388984557229792,4.018023972080189,3.3526072364839967,7.25380203484852e-4,0.038447857427247475,TRUE
SEMA3B,3,50267558,50277546,9989,+,ENSG00000012171,SEMA3B,protein_coding,chromosome,semaphorin 3B [Source:HGNC Symbol;Acc:HGNC:10724],ENSG00000012171.20,2.2266316341307117,0.22020479045165373,3.351138174860213,7.28579410740402e-4,0.0384738681396558,TRUE
COL6A2,21,46098112,46132848,34737,+,ENSG00000142173,COL6A2,protein_coding,chromosome,collagen type VI alpha 2 chain [Source:HGNC Symbol;Acc:HGNC:2212],ENSG00000142173.16,-1.8863713253236494,2.8437328186917044,-3.3451537469824864,7.417504477113807e-4,0.03902431522125986,TRUE
TRBV7-9,7,142529290,142529762,473,+,ENSG00000278030,TRBV7-9,TR_V_gene,chromosome,T cell receptor beta variable 7-9 [Source:HGNC Symbol;Acc:HGNC:12243],ENSG00000278030.1,-1.9499903925370181,1.8065451056615334,-3.3421175418402416,7.485186423882736e-4,0.03923508234363626,TRUE
BHLHA15,7,98211427,98212979,1553,+,ENSG00000180535,BHLHA15,protein_coding,chromosome,basic helix-loop-helix family member a15 [Source:HGNC Symbol;Acc:HGNC:22265],ENSG00000180535.3,3.837402424358105,0.45603777042272425,3.3369519597250443,7.604195801395165e-4,0.03971235344074203,TRUE
DEPDC1B,5,60596912,60700190,103279,-,ENSG00000035499,DEPDC1B,protein_coding,chromosome,DEP domain containing 1B [Source:HGNC Symbol;Acc:HGNC:24902],ENSG00000035499.13,2.0910804675388373,1.9460759384783202,3.329142254946705,7.781066247650341e-4,0.04048719635453227,TRUE
VNN1,6,132680849,132714055,33207,-,ENSG00000112299,VNN1,protein_coding,chromosome,vanin 1 [Source:HGNC Symbol;Acc:HGNC:12705],ENSG00000112299.8,2.473013313237235,6.7701443066368885,3.3269502179491472,7.832132386331332e-4,0.04060417538242211,TRUE
IGLV2-23,22,22697789,22698407,619,+,ENSG00000211660,IGLV2-23,IG_V_gene,chromosome,immunoglobulin lambda variable 2-23 [Source:HGNC Symbol;Acc:HGNC:5890],ENSG00000211660.3,3.002383806380039,5.278277669775393,3.323765069492869,7.906968576562815e-4,0.04070768302981924,TRUE
C1orf226,1,162378841,162386812,7972,+,ENSG00000239887,C1orf226,protein_coding,chromosome,chromosome 1 open reading frame 226 [Source:HGNC Symbol;Acc:HGNC:34351],ENSG00000239887.6,3.0384898898577655,0.7054103804263127,3.3236621842813587,7.909412542224646e-4,0.04070768302981924,TRUE
HMGB2,4,173331376,173334432,3057,-,ENSG00000164104,HMGB2,protein_coding,chromosome,high mobility group box 2 [Source:HGNC Symbol;Acc:HGNC:5000],ENSG00000164104.12,1.638471839990686,8.202385874484381,3.3192309127929494,8.014494025392994e-4,0.040912138885066576,TRUE
GPR15,3,98531978,98534681,2704,+,ENSG00000154165,GPR15,protein_coding,chromosome,G protein-coupled receptor 15 [Source:HGNC Symbol;Acc:HGNC:4469],ENSG00000154165.5,-2.1127401846760034,0.8425816983751758,-3.318477373897941,8.032509269616619e-4,0.040912138885066576,TRUE
NCAPH,2,96335766,96377091,41326,+,ENSG00000121152,NCAPH,protein_coding,chromosome,non-SMC condensin I complex subunit H [Source:HGNC Symbol;Acc:HGNC:1112],ENSG00000121152.10,2.0962396225903817,2.8270208789562292,3.318350697863468,8.035541533920152e-4,0.040912138885066576,TRUE
MICU3,8,17027238,17122642,95405,+,ENSG00000155970,MICU3,protein_coding,chromosome,mitochondrial calcium uptake family member 3 [Source:HGNC Symbol;Acc:HGNC:27820],ENSG00000155970.12,-1.9372256006122255,-0.8210130933951173,-3.3118786709231607,8.191911542170075e-4,0.041474227477246675,TRUE
FAAHP1,1,46432129,46482493,50365,+,ENSG00000232022,FAAHP1,transcribed_unprocessed_pseudogene,chromosome,fatty acid amide hydrolase pseudogene 1 [Source:HGNC Symbol;Acc:HGNC:50679],ENSG00000232022.7,-1.7272774864988683,-0.6812417226637326,-3.3113694920210506,8.204335037737639e-4,0.041474227477246675,TRUE
AC008984.5,CHR_HSCHR19_4_CTG3_1,54309794,54314056,4263,-,ENSG00000278402,AC008984.5,unprocessed_pseudogene,chromosome,"leukocyte immunoglobulin-like receptor, subfamily A pseudogene",ENSG00000278402.1,2.511159240403964,-1.1863317893961636,3.2927194160888713,8.671847415184107e-4,0.04352777121296475,TRUE
AC245884.2,19,54301758,54306026,4269,-,ENSG00000234436,AC245884.2,unprocessed_pseudogene,chromosome,"leukocyte immunoglobulin-like receptor, subfamily A pseudogene",ENSG00000234436.1,2.511159240403964,-1.1863317893961636,3.2927194160888713,8.671847415184107e-4,0.04352777121296475,TRUE
G0S2,1,209675412,209676390,979,+,ENSG00000123689,G0S2,protein_coding,chromosome,G0/G1 switch 2 [Source:HGNC Symbol;Acc:HGNC:30229],ENSG00000123689.6,2.796343394633313,1.6880465118376027,3.290517383031604,8.728699235921348e-4,0.043647988168845346,TRUE
MYBL1,8,66562175,66614247,52073,-,ENSG00000185697,MYBL1,protein_coding,chromosome,MYB proto-oncogene like 1 [Source:HGNC Symbol;Acc:HGNC:7547],ENSG00000185697.16,-2.025191162548184,4.056091434557874,-3.2894153092277847,8.757252114129477e-4,0.043647988168845346,TRUE
IGLV4-69,22,22030934,22031472,539,+,ENSG00000211637,IGLV4-69,IG_V_gene,chromosome,immunoglobulin lambda variable 4-69 [Source:HGNC Symbol;Acc:HGNC:5921],ENSG00000211637.2,3.9120153304295586,4.599247288277976,3.284422680887159,8.892161710579472e-4,0.04416543954502846,TRUE
IGHV3-74,14,106810442,106811131,690,-,ENSG00000224650,IGHV3-74,IG_V_gene,chromosome,immunoglobulin heavy variable 3-74 [Source:HGNC Symbol;Acc:HGNC:5624],ENSG00000224650.2,2.5692557226269437,4.738500574888864,3.278205333712477,9.052973262129801e-4,0.04480748612841597,TRUE
NUSAP1,15,41320794,41381050,60257,+,ENSG00000137804,NUSAP1,protein_coding,chromosome,nucleolar and spindle associated protein 1 [Source:HGNC Symbol;Acc:HGNC:18538],ENSG00000137804.14,1.8493339628090903,4.166869868418236,3.2709641635867146,9.24897544805251e-4,0.04561864452763399,TRUE
TRBV14,7,142587868,142588359,492,+,ENSG00000275743,TRBV14,TR_V_gene,chromosome,T cell receptor beta variable 14 [Source:HGNC Symbol;Acc:HGNC:12189],ENSG00000275743.1,-1.8790515421248273,-0.40099986324499515,-3.267204881486891,9.352304961187818e-4,0.045968682343831474,TRUE
ZWINT,10,56357227,56361273,4047,-,ENSG00000122952,ZWINT,protein_coding,chromosome,ZW10 interacting kinetochore protein [Source:HGNC Symbol;Acc:HGNC:13195],ENSG00000122952.17,2.1750506141718198,3.4207947245590855,3.263201348505428,9.4635452253084e-4,0.046156692069247066,TRUE
FAM72C,1,143955364,143971965,16602,-,ENSG00000263513,FAM72C,protein_coding,chromosome,family with sequence similarity 72 member C [Source:HGNC Symbol;Acc:HGNC:30602],ENSG00000263513.5,3.145524266968148,0.3931286442683365,3.2620450841426107,9.496160173379875e-4,0.046156692069247066,TRUE
E2F1,20,33675477,33686385,10909,-,ENSG00000101412,E2F1,protein_coding,chromosome,E2F transcription factor 1 [Source:HGNC Symbol;Acc:HGNC:3113],ENSG00000101412.13,2.380371447192366,3.404831978671033,3.2614543443645836,9.512477217686869e-4,0.046156692069247066,TRUE
DUSP13,10,75094432,75109221,14790,-,ENSG00000079393,DUSP13,protein_coding,chromosome,dual specificity phosphatase 13 [Source:HGNC Symbol;Acc:HGNC:19681],ENSG00000079393.20,3.883047260425307,0.18752654096158958,3.261332118564161,9.520528529594783e-4,0.046156692069247066,TRUE
S100A12,1,153373711,153375621,1911,-,ENSG00000163221,S100A12,protein_coding,chromosome,S100 calcium binding protein A12 [Source:HGNC Symbol;Acc:HGNC:10489],ENSG00000163221.9,2.1521630407850774,8.169488497720334,3.2554655442938496,9.682033570000964e-4,0.046780029544851595,TRUE
CTSD,11,1752755,1764573,11819,-,ENSG00000117984,CTSD,protein_coding,chromosome,cathepsin D [Source:HGNC Symbol;Acc:HGNC:2529],ENSG00000117984.14,1.6016310880019748,9.837398475151092,3.2532307737058255,9.746032221945623e-4,0.04692962295347037,TRUE
KIT,4,54657918,54740715,82798,+,ENSG00000157404,KIT,protein_coding,chromosome,"KIT proto-oncogene, receptor tyrosine kinase [Source:HGNC Symbol;Acc:HGNC:6342]",ENSG00000157404.15,-1.8175371152779323,0.960469941297733,-3.2459388442298587,9.957641636432885e-4,0.0477865876505166,TRUE
SPAG5,17,28577565,28599025,21461,-,ENSG00000076382,SPAG5,protein_coding,chromosome,sperm associated antigen 5 [Source:HGNC Symbol;Acc:HGNC:13452],ENSG00000076382.17,2.0016786162262377,3.8729797998586193,3.2390034726773065,0.0010162916404455632,0.04860748401524992,TRUE
AL683842.1,10,124004304,124004828,525,-,ENSG00000232334,AL683842.1,processed_pseudogene,chromosome,novel pseudogene,ENSG00000232334.1,2.3087541294641656,-0.6930326543127928,3.2363604536824373,0.0010242189743522596,0.048822250102932375,TRUE
RPS6,9,19375715,19380236,4522,-,ENSG00000137154,RPS6,protein_coding,chromosome,ribosomal protein S6 [Source:HGNC Symbol;Acc:HGNC:10429],ENSG00000137154.13,-1.5418665115326053,9.312367003096986,-3.231251103856776,0.0010397091028462833,0.04939487560512192,TRUE
